"","state","SHA_miles","state_controlled_lane_miles","SHA_ratio","capital_disbursement","maintenance_disbursement","admin_disbursement","total_disbursement","rural_interstate_above_170","rural_interstate_total","rural_OPA_above_220","rural_OPA_total","urban_interstate_above_170","urban_interstate_total","urban_OPA_above_220","urban_OPA_total","total_fatalities","rural_I_OFE_OPA_fatalities","urban_I_OFE_OPA_fatalities","total_VMT","rural_VMT","urban_VMT","total_bridges","total_poor_bridges","state_tot_delay_hours","state_tot_commuters","state_avg_delay_hours","coli_index","capital_disbursement_per_vmt","maintenance_disbursement_per_vmt","admin_disbursement_per_vmt","capital_disbursement_per_lm","maintenance_disbursement_per_lm","admin_disbursement_per_lm","rural_interstate_poor_percent","urban_interstate_poor_percent","rural_OPA_poor_percent","urban_OPA_poor_percent","poor_bridges_percent","rural_fatalities_per_100m_VMT","urban_fatalities_per_100m_VMT","overall_score_NOcoli","overall_score_WITHcoli","overall_score_perlm_NOcoli","state_avg_delay_hours_rank","coli_index_rank","capital_disbursement_per_vmt_rank","maintenance_disbursement_per_vmt_rank","admin_disbursement_per_vmt_rank","capital_disbursement_per_lm_rank","maintenance_disbursement_per_lm_rank","admin_disbursement_per_lm_rank","rural_interstate_poor_percent_rank","urban_interstate_poor_percent_rank","rural_OPA_poor_percent_rank","urban_OPA_poor_percent_rank","poor_bridges_percent_rank","rural_fatalities_per_100m_VMT_rank","urban_fatalities_per_100m_VMT_rank","overall_score_NOcoli_rank","overall_score_WITHcoli_rank","overall_score_perlm_NOcoli_rank"
"1","Alabama",10941.116,29706.921,2.71516369993701,1387759,204894,336541,2191890,8.481,570.561,7.132,2046.675,22.342,432.651,24.891,1284.213,934,168,220,67921.49684,11594.92568,18139.5859,16164,586,24297580.2389997,1496228.52660894,16.2392173434013,0.879,20431.8082575402,3016.62963174473,4954.8525232413,46715.0062438312,6897.18062669638,11328.7068693521,1.48643177504246,5.16397743215663,0.348467636532425,1.9382298730818,3.62534026231131,1.44890967511574,1.21281710185016,0.738000183684939,0.778375604774537,0.848677786995805,13,3,14,3,37,29,11,40,28,36,6,2,9,36,38,10,13,21
"2","Alaska",5636.721,11754.095,2.08527173865799,767574,265310,45613,1158736,94.496,981.503,65.826,477.814,1.326,78.425,6.244,139.411,64,17,19,5305.88855,992.22116,1498.34451,1632,134,3473764.36363636,201917.818181818,17.2038525124533,1.271,144664.553875712,50002.934946683,8596.67510355075,65302.6881269889,22571.7079877268,3880.60501467786,9.62768325720859,1.69078737647434,13.776490433516,4.47884313289482,8.21078431372549,1.71332770206191,1.26806618058753,3.16857774862748,2.77811791786199,2.32907667536938,16,45,50,49,44,38,36,20,48,12,50,9,35,44,41,50,50,49
"3","Arizona",6843.514,20046.092,2.92921034427635,1375627,161453,224330,2157099,20.2,909.145,13.693,1241.206,5.2,244.666,41.608,663.92,1054,167,331,65758.27912,10333.3868,22157.40152,8467,117,56516044.3636364,2540442,22.2465399185009,1.032,20919.4495112876,2455.24977479064,3411.43355638349,68623.2009710421,8054.08854753335,11190.7098899875,2.22186779886597,2.12534639058962,1.10320124137331,6.26702012290637,1.38183536081257,1.61612067013692,1.49385748008957,0.783090757123814,0.798639289589675,0.990438323743932,29,33,15,2,27,39,15,39,34,14,27,17,1,41,48,14,14,28
"4","Arkansas",16453.966,38078.351,2.31423542506408,919783,207470,39207,1346667,11.64,438.905,33.661,1876.896,15.915,310.207,61.157,617.582,638,77,55,33918.76191,7446.95818,9458.13616,12941,679,16797766.3499221,789677.621337665,21.271675802928,0.909,27117.2338908051,6116.6737320926,1155.90893629997,24155.0113343931,5448.50274635054,1029.64017533217,2.65205454483316,5.13044515436467,1.79343980700049,9.90265260321706,5.2468897303145,1.03397921861299,0.581509919814899,0.861094627864992,0.881571216981764,0.785589521992389,27,11,22,12,4,14,7,4,37,35,37,27,20,18,7,21,22,16
"5","California",15022.272,52003.894,3.46178620650725,4513968,2331366,580307,10789827,54.642,1209.1,77.248,3332.69,116.589,1243.151,2434.307,6116.816,3847,495,1636,299811.68307,32598.78485,170617.0324,25737,1493,489467011.181818,14341421.8181818,34.1296014709839,1.422,15056.0110059023,7776.10123837527,1935.57166971545,86800.576895261,44830.6044158924,11158.9143689894,4.51922917872798,9.37850671398728,2.31788735225899,39.7969629951269,5.8009869060108,1.51846150792949,0.958872614877341,1.36917531428115,1.32579913821887,1.85246991973639,46,48,3,21,12,41,47,38,46,47,42,50,25,39,23,43,44,47
"6","Colorado",9031.538,23022.464,2.54911887654129,1051281,534394,222838,1941784,53.929,648.121,27.004,2568.867,20.171,303.718,121.302,1067.407,622,117,258,48642.0466,9071.35041,21772.41377,8869,469,48800090.7272727,2093025.18181818,23.3155774479888,1.053,21612.5980192618,10986.2564869958,4581.18059530826,45663.2704475073,23211.8508253504,9679.15510694251,8.3208228093211,6.64135810192349,1.05120272867377,11.3641750522528,5.28808208366219,1.28977489251239,1.18498574721878,1.2824063535479,1.24956001614614,1.3939717299032,32,34,16,34,35,27,38,33,47,40,26,31,21,32,36,42,41,41
"7","Connecticut",3715.2,9827.22,2.64513888888889,928035,266426,79535,2023243,0.21,28.74,0.96,121.97,5,317.6,69.97,698,295,14,127,29844.93826,1176.44625,17102.75781,4361,231,45572340.2112929,1434047.16562051,31.7788293884838,1.216,31095.2226442971,8927.00791266439,2664.94101301585,94435.1505308724,27111.0242774661,8093.33667100157,0.730688935281837,1.57430730478589,0.787078789866361,10.0243553008596,5.29695024077047,1.1900246186343,0.74257030012869,0.769210846624667,0.764208032296962,1.02245496773391,42,43,29,25,22,43,40,30,13,8,21,28,22,25,11,12,9,32
"8","Delaware",5465.57,11997.76,2.19515256414244,591785,450218,357476,1780374,0,0,0.61,99.25,3.5,40.38,10.69,212.68,116,13,48,8345.22961,871.19099,3621.6457,875,17,1011127.19097406,101112.719097406,10,1.079,70912.9679656591,53949.1447258094,42835.9693748438,49324.6239298002,37525.1713653215,29795.2284426426,NA,8.66765725606736,0.614609571788413,5.02633063757758,1.94285714285714,1.49221010653473,1.32536432263377,2.64057179742664,2.36130355933492,1.51142678378823,8,36,49,50,50,32,45,50,NA,44,16,11,4,38,43,49,49,43
"9","Florida",12135.832,45012.826,3.70908446985753,6509736,1495838,450415,10886766,1.099,717.267,4.351,2596.855,12.393,777.899,81.075,3879.958,3331,370,1328,208075.91888,20614.21318,85565.92676,12680,459,149955691.605436,7549464.44874369,19.8630899745994,1.003,31285.3886938942,7188.90493456222,2164.66663910186,144619.580205873,33231.3727647315,10006.3701843559,0.153220488325826,1.59313741244043,0.16754882348071,2.08958447488349,3.6198738170347,1.79487811040479,1.55201965348292,0.667304481451024,0.694647826976549,1.12968006514242,25,27,30,19,14,49,44,35,1,9,2,4,8,45,49,5,5,35
"10","Georgia",17923.171,49496.955,2.76161818687106,1564658,616874,484060,3306642,4.875,538.251,9.272,2428.363,9.628,708.81,46.455,2355.549,1664,185,506,115966.8266,13525.43715,42303.02504,14987,319,101217068.166868,3468201.44600124,29.1843105836801,0.888,13492.2895268741,5319.40053967123,4174.1247406006,31611.1970928313,12462.8676652938,9779.59149204229,0.905711275966046,1.35833298062951,0.381821004520329,1.97215171495053,2.12851137652632,1.36779312896367,1.19613195397149,0.637148864838344,0.681794818899638,0.744888937348917,40,5,2,9,32,19,25,34,18,5,8,3,6,35,37,2,2,13
"11","Hawaii",948.656,2477.288,2.61136597459986,243071,60106,18764,384959,0,0,3.219,77.349,14.141,54.639,31.517,261.275,85,7,47,8785.36654,242.27314,3781.14601,1162,87,550602.909090909,68825.3636363636,8,1.933,27667.7129967533,6841.60412958706,2135.82437506358,98119.7987476628,24262.8228934222,7574.41201830389,NA,25.8807811270338,4.16165690571307,12.0627691130035,7.48709122203098,2.88930089402399,1.24300939121893,1.70885244447136,1.62590900694936,2.01680113254522,3,50,24,15,13,45,39,28,NA,50,48,33,33,49,39,48,48,48
"12","Idaho",4968.194,12272.361,2.4701855442843,602942,112824,32451,843288,10.789,519.445,54.303,1689.282,1.527,91.768,47.887,361.91,214,85,20,17406.41762,5170.93727,3895.8963,4561,238,6639680.75844004,473358.439610011,14.0267505611822,1.021,34639.0631985768,6481.74727638185,1864.3123880191,49130.0736671615,9193.3410368225,2644.23447126433,2.07702451655132,1.6639787289687,3.21456097916156,13.2317426984609,5.21815391361543,1.64380257507939,0.513360686730804,0.965356057463168,0.965716718501635,0.947890887395581,9,31,36,14,10,31,16,14,32,11,46,34,19,43,3,30,30,24
"13","Illinois",15894.14,42168.83,2.65310548415957,3146026,928708,179114,5206962,16.62,1243.34,57.83,2360.12,45.38,941.7,331.41,2887.21,1194,109,395,94120.59736,11863.11952,38702.49647,26846,2405,135455768.036086,4148497.6043423,32.6517647965621,0.943,33425.4784631979,9867.2131929614,1903.02659592045,74605.4846672293,22023.5657474964,4247.54492832739,1.33672205510962,4.81894446214293,2.450299137332,11.4785554220164,8.95850406019519,0.918813974825401,1.02060599709939,1.05285392440007,1.0578994725777,1.16881737866337,44,20,33,29,11,40,35,22,26,34,44,32,38,14,26,33,35,36
"14","Indiana",11029.486,28444.825,2.57898010841122,1554090,919218,106962,2706417,21.232,768.945,7.346,1969.518,20.853,491.889,114.338,1717.31,897,185,195,76607.74049,12724.29645,20302.47864,19337,1082,42126038.6392972,2087909.59167255,20.1761794702765,0.906,20286.3312513814,11999.0224763252,1396.22966707865,54635.2456026711,32315.8254621007,3760.33250336397,2.76118578051746,4.23937107762117,0.372984659190726,6.6579708963437,5.59549051042044,1.45391142627772,0.960473858673642,0.817458693924333,0.845719848759663,0.982713211001535,26,10,13,39,5,36,42,19,39,31,7,18,24,37,24,17,18,27
"15","Iowa",8904.574,22917.695,2.57369920223022,1011405,227049,68947,1452777,9.469,610.413,62.225,3387.07,8.375,177.535,94.381,896.72,337,85,60,29751.49674,10106.30789,6305.85214,23870,4504,6081446.82146112,816851.267455711,7.44498669923512,0.899,33995.0964093916,7631.51521364434,2317.42962723965,44132.0560379218,9907.148166515,3008.46136576999,1.55124481293813,4.71737967161405,1.8371335697225,10.5251360513873,18.8688730624215,0.841058880504778,0.951497096156143,1.03097047162823,1.0454668662486,0.99255213981534,2,8,35,20,17,25,18,16,30,33,39,29,49,10,22,32,32,29
"16","Kansas",10296.549,24037.406,2.33451091234549,445765,191848,80775,1206931,4.73,639.501,8.54,2628.83,7.23,234.606,21.656,312.222,426,96,64,27853.80189,7546.83194,6238.48824,24925,1277,20517224.2598929,841005.242477591,24.3960717764962,0.865,16003.7398758134,6887.67733602919,2899.96318344605,18544.6383024857,7981.22725888143,3360.38755596174,0.739639187428949,3.08176261476689,0.324859348074999,6.93609034597178,5.12337011033099,1.27205694738182,1.02588956711731,0.681773285833287,0.725009459451244,0.633698285307158,34,2,5,16,23,6,14,17,14,25,5,20,17,30,27,6,6,5
"17","Kentucky",27689.692,62345.847,2.25159048356334,1293161,486934,34405,2253081,5.678,710.297,6.416,1229.06,5.333,230.024,22.184,622.471,780,150,143,46535.80644,12617.92559,11330.46981,14410,990,10617804.6397945,671984.498460731,15.8006690096512,0.931,27788.5159606573,10463.6415966664,739.323171381147,20741.7344093505,7810.20747059543,551.841087346203,0.799383919684301,2.31845372656766,0.522024962166208,3.56386080636688,6.87022900763359,1.18878494670216,1.2620835887475,0.690721628124337,0.725197241572726,0.581321687972561,12,17,25,31,1,7,13,1,16,16,14,6,26,24,40,7,7,2
"18","Louisiana",17104.45,40153.939,2.34757264922286,886746,433915,53776,1631884,16.144,526.579,23.449,1007.778,49.631,414.04,151.91,956.112,828,99,228,48374.10643,8908.47797,15956.06196,12782,1631,29552247.1818182,1508478,19.5907710830507,0.93,18331.0052720699,8969.98481259595,1111.66911326449,22083.661580499,10806.2872735848,1339.24594546005,3.06582678002731,11.9870060863685,2.32680213300945,15.888305972522,12.7601314348302,1.11130094650725,1.42892400751244,1.25935894425883,1.24409042457006,1.22123048049236,23,16,10,26,3,12,22,7,43,49,43,40,45,20,46,40,40,38
"19","Maine",8340.194,17467.309,2.0943528411929,486290,251308,22799,859996,3.88,279.28,30.51,791.896,1.24,86.99,13.18,120.084,164,28,9,13086.41725,3381.44709,1726.3128,2485,314,5116374.36363636,345018.181818182,14.8292891020236,1.15,37159.903334123,19203.7282014678,1742.18806908361,27840.0067234169,14387.3335039759,1305.23825965408,1.38928673732455,1.4254512012875,3.85277864770121,10.9756503780687,12.635814889336,0.828047852140132,0.521342366227024,1.13730130342657,1.09600657360901,0.955776756559067,11,39,39,43,9,16,29,6,27,7,47,30,44,8,4,36,37,25
"20","Maryland",5207.452,14927.941,2.86664975500494,1520245,420904,118806,3188653,1.76,142.136,3.245,320.815,23.311,335.891,171.725,1021.601,567,23,271,50885.12383,4001.6127,27573.56035,5446,253,75943252.9277901,2370821.93902382,32.0324574687627,1.24,29876.0204471335,8271.65128665464,2334.78846188749,101838.893923817,28195.7170114753,7958.63274111279,1.2382506894805,6.94004900399237,1.01148637064975,16.8094001474157,4.64561145795079,0.574768267803628,0.982825563910175,0.906437937183965,0.891586631644493,1.19928089141341,43,44,27,23,18,46,41,29,23,42,25,41,14,1,25,25,23,37
"21","Massachusetts",2996.545,9556.314,3.18911079259614,877552,313006,167507,3310018,0.648,62.608,1.2,104.577,15.028,501.822,465.157,1940.45,343,10,171,54126.82558,1051.55157,29366.47448,5245,456,112256798.819498,2669547.54330105,42.0508707931404,1.35,16212.8850269072,5782.82573651717,3094.71317050402,91829.548505836,32753.8421194615,17528.4110589083,1.03501150012778,2.99468735926285,1.14747984738518,23.9716045247236,8.69399428026692,0.950975709160893,0.582296659806608,0.905883695059772,0.89757987458,1.4180001627282,49,47,6,10,25,42,43,48,20,23,29,47,37,15,8,24,25,42
"22","Michigan",9648.566,27366.346,2.83631225614252,1453437,379062,127196,2533199,16.761,558.102,15.055,2129.91,52.424,672.843,393.858,2323.23,1084,92,351,86546.99493,11172.76279,34137.54162,11284,1240,80394865.1978197,3290844.12768392,24.4298611780197,0.913,16793.6160137686,4379.84011237581,1469.67552256294,53110.3787111367,13851.3925096175,4647.89855393921,3.00321446617285,7.79141642255326,0.706837378105178,16.9530352139048,10.989010989011,0.823431068297119,1.02819354687908,0.9510872105061,0.959848907019723,1.09566065375333,35,13,7,6,6,35,28,23,41,43,19,42,42,5,28,29,29,33
"23","Minnesota",11694.497,29175.577,2.49481247461947,1197615,558585,181153,2354155,5.254,588.081,19.284,3453.316,10.405,325.418,11.356,612.246,394,67,61,51619.44114,9729.46025,15098.5755,13496,618,53999169.2852907,1940920.2687448,27.8214258230258,1,23200.8517246803,10821.2136292803,3509.39483263069,41048.5455009167,19145.6367769522,6209.06314894818,0.893414342582059,3.19742607968828,0.55841979129625,1.85480999467534,4.57913455838767,0.688630183776125,0.404011623480639,0.663477989476309,0.691521490353283,0.704840617595829,37,26,18,32,28,23,32,25,17,27,15,1,12,2,2,4,4,9
"24","Mississippi",10948.065,28310.191,2.58586252456484,708631,124291,60441,1031193,8.637,578.436,16.197,1783.239,7.932,253.106,93.539,952.061,752,177,138,39665.08749,9805.39776,9668.9066,16788,1174,12650100.2244542,557546.322951286,22.688877504371,0.833,17865.3582997555,3133.51130339332,1523.78335268359,25030.9508685406,4390.32714403093,2134.9555712994,1.49316432587183,3.1338648629428,0.908291036703437,9.82489567370158,6.99309030259709,1.80512819910327,1.42725548719232,0.806254769394387,0.832313673500293,0.794813729034571,30,1,8,4,7,15,4,10,29,26,23,26,29,46,45,15,16,17
"25","Missouri",33830.168,77693.084,2.29656216900844,805193,513233,182531,2157743,4.626,841.535,8.833,1890.406,16.286,538.11,70.638,871.492,987,146,291,72797.03699,14354.89963,22357.05028,24590,2218,57494136.1949426,2028942.56595222,28.3369954180835,0.898,11060.7935884892,7050.19079376132,2507.39600878363,10363.7667414515,6605.90330022168,2349.38543564573,0.549709756575781,3.02651874152125,0.467254124246326,8.1054100324501,9.019926799512,1.01707433533619,1.30160283380639,0.735711875270736,0.766963124004636,0.669268635165504,38,7,1,17,20,1,9,13,9,24,12,23,39,17,42,9,11,7
"26","Montana",11025.544,25210.881,2.28658839872209,528455,134321,44141,784116,14.5,1095.069,43.36,2772.977,1.7,97.708,38.067,255.623,213,90,14,12104.09134,4904.2479,1779.6028,5266,365,1325175.18181818,161508.272727273,8.20499878700275,1.007,43659.2045743766,11097.1568395319,3646.78345198277,20961.3856810478,5327.89790249694,1750.87098304895,1.32411747570244,1.7398780038482,1.56366244653309,14.8918524545913,6.93125712115458,1.83514377403312,0.786692401248189,0.973726907972474,0.974282779869391,0.73451906159036,4,28,44,35,30,8,6,9,25,13,36,38,28,47,14,31,31,12
"27","Nebraska",9939.26,22540.86,2.26786098763892,483546,224838,19203,816022,2.56,414.6,33.22,2337.734,2.65,68.83,91.03,317.192,233,71,37,19431.86472,5794.80081,4409.64311,15348,1280,8730101.12491167,591216.848819161,14.766326674127,0.937,24884.1790001922,11570.5828153789,988.222194663364,21451.9765439296,9974.68597027797,851.919580708101,0.617462614568259,3.85006537846869,1.42103421518445,28.698706146435,8.33984884023977,1.22523624759416,0.839070171372667,0.933946575781712,0.947770097968746,0.837296574234555,10,19,20,37,2,10,19,2,10,29,34,48,36,28,17,26,26,20
"28","Nevada",5354.476,13508.747,2.52288870096719,690578,156288,183901,1216101,0.8,456.673,1.746,1519.397,4,161.598,19.047,378.161,317,84,94,25231.34636,3843.86286,8699.34062,2067,29,18228658.9090909,1103996.63636364,16.51151670999,1.063,27369.8434537284,6194.19977713785,7288.59242690052,51120.8034320282,11569.3927793599,13613.4757724014,0.175180052247451,2.47527815938316,0.114914008649484,5.03674360920349,1.40299951620706,2.18530168893695,1.08054166523715,0.757588399146063,0.764481479767948,0.831191818845307,14,35,23,13,43,34,23,46,2,17,1,12,2,48,32,11,10,19
"29","New Hampshire",3896.922,8453.163,2.16918968355025,273146,110295,109401,599768,0.5,141.961,2.853,322.742,0.131,83.046,12.597,223.028,104,16,15,11956.25576,2078.74883,4072.96916,2527,194,4666593.29062796,237699.811267105,19.6322969957434,1.099,22845.4463908189,9224.87793954652,9150.10536710031,32312.8750740995,13047.7786835531,12942.0194547295,0.352209409626588,0.157743900970546,0.88398782928779,5.64816973653532,7.67708745548081,0.769693758528778,0.36828169845509,0.779378999346218,0.772632972068343,0.747216396133428,24,37,17,28,45,20,26,44,6,1,22,13,34,3,1,13,12,14
"30","New Jersey",2329.06,8551.253,3.6715468901617,2944934,742395,173908,9729749,0.58,44.88,3.61,159.64,36.03,386.66,336.2,1798.98,584,18,329,66341.14996,1995.25338,37594.85838,6798,482,141722444.91578,2775124.5042278,51.0688600456921,1.152,44390.7590051669,11190.5657415891,2621.41973880249,344386.255441162,86817.1015405579,20337.1365576483,1.29233511586453,9.31826410800186,2.26133801052368,18.6883678528944,7.09032068255369,0.902141060400058,0.875119668425254,1.25784790512193,1.20978695548767,2.57136672892122,50,40,45,36,21,50,50,49,24,46,41,45,31,13,18,39,38,50
"31","New Mexico",11920.879,29429.545,2.46873951157461,435393,52738,314077,975017,23.696,843.336,24.221,1915.734,5.577,156.087,99.315,700.479,398,95,134,23756.4356,7377.0226,6224.00848,4025,208,10030115.5783406,553032.665800418,18.1365698603424,0.91,18327.3706262567,2219.9458238592,13220.7122856427,14794.4183302868,1792.0086769945,10672.1663552732,2.80979348681901,3.57300736127929,1.26431957672621,14.1781552337757,5.16770186335404,1.28778241780092,2.15295336487074,1.21582116660774,1.22916732570786,1.0125023181125,19,12,9,1,48,5,1,36,40,28,31,36,18,31,50,38,39,31
"32","New York",15095.98,38156.8,2.52761331162336,3937980,1920550,464851,14306404,21.81,797.93,26.25,2071.8,86.62,922.53,731.15,3070.69,1046,70,425,102476.87454,8479.54888,46886.94953,17555,1672,190842607.047234,4696123.97683694,40.638323857833,1.482,38427.9869743967,18741.3014752938,4536.15512852662,103205.195404227,50333.0992116739,12182.6515850386,2.73332247189603,9.38939655078968,1.26701419055893,23.8106093418743,9.52435203645685,0.825515613986295,0.906435595107482,1.37252080112242,1.25431543153978,1.691863966835,48,49,41,42,34,47,48,41,38,48,32,46,40,7,19,44,42,45
"33","North Carolina",80211.665,173653.322,2.16493850364532,4844323,1272829,374775,7141616,4.205,544.043,6.479,1595.917,17.701,780.311,82.27,1977.291,1538,163,339,106342.36536,14101.33355,36554.73714,18877,1325,62335360.5725924,3480889.54989943,17.9078823613905,0.957,45554.0271612405,11969.1620145095,3524.23043000104,27896.5178679392,7329.71293229853,2158.17927168707,0.772916846646313,2.26845450083364,0.405973493609004,4.16074315818966,7.0191238014515,1.15591904426656,0.927376385450874,0.807026830597745,0.834327957412741,0.590845214175994,18,22,46,38,29,17,12,11,15,15,10,7,30,22,20,16,17,4
"34","North Dakota",7411.548,17245.396,2.32682780979088,376287,30940,20294,464436,1.949,509.732,32.575,2944.629,0.6,61.191,17.905,206.875,100,33,7,8767.60078,3184.75673,1312.67259,4285,481,1702336.71663648,197742.475943197,8.60885709312902,0.982,42917.8984584195,3528.90155201615,2314.65830952216,21819.5627401076,1794.10203163789,1176.77784841821,0.382357788014094,0.980536353385302,1.10625141571315,8.65498489425982,11.2252042007001,1.03618589417346,0.53326321074473,0.710322878839712,0.736960109296822,0.551124567033245,5,24,42,5,16,11,2,5,7,2,28,24,43,19,5,8,8,1
"35","Ohio",19257.183,49680.663,2.57985100936103,1970380,480042,612521,3990755,13.97,642.63,9.448,1521.871,42.474,930.684,368.538,2398.031,1230,112,323,103114.93613,13185.06909,38928.38958,27151,1334,92780908.172212,3935824.48610628,23.5734363917229,0.913,19108.5799395335,4655.40704398825,5940.17727196938,39660.9038812546,9662.55220869335,12329.1631595174,2.17387921510045,4.56374021687275,0.620814773394066,15.3683584574178,4.91326286324629,0.849445681592557,0.829728646586361,0.866578556615508,0.893501452034076,0.959135500705999,33,13,11,7,41,22,17,42,33,32,17,39,16,11,15,22,24,26
"36","Oklahoma",12252.49,30406.567,2.48166429844056,1360030,703103,247262,2694756,15,636.72,45.799,2236.102,15.398,284.13,71.303,738.818,652,134,149,42000.17854,10066.36018,13168.33508,23220,2296,31857302.8042974,1047077.42269971,30.4249734677297,0.879,32381.5290143288,16740.4764560794,5887.16545013049,44728.1667805511,23123.3930486135,8131.86177841122,2.35582359592914,5.41935029739908,2.04816238257468,9.65095598645404,9.88802756244617,1.33116635609993,1.13150219139168,1.27478337180156,1.29517580344803,1.23201215418503,41,3,31,41,40,26,37,31,35,38,40,25,41,33,35,41,43,40
"37","Oregon",7602.71,18460.35,2.42812760186828,924356,291763,159947,2001116,3.24,493.51,19.1,2652.45,6.69,232.69,64.99,838.77,508,124,125,32297.97845,7593.10952,11339.38888,8235,382,29976423.478517,1307435.80132851,22.927644667568,1.301,28619.6240247971,9033.47559203044,4952.22944827991,50072.5067509554,15804.8466036668,8664.35360109641,0.656521651030374,2.87506983540333,0.720088974344474,7.74825041429713,4.63873709775349,1.63305954791496,1.10235217543752,0.848530617897988,0.820079380203415,0.891752318324834,31,46,26,27,36,33,30,32,11,21,20,22,13,42,33,20,15,22
"38","Pennsylvania",39713.25,88322.133,2.22399660063077,3817048,1794855,945086,9031685,32.283,1066.255,21.288,1578.923,48.862,797.064,379.901,2865.955,1129,124,354,87982.49094,14889.82588,33384.06472,23166,3198,46376549.893122,2768553.70888238,16.751183025394,1.025,43384.1774564334,20400.1384914643,10741.7508859178,43217.3439470716,20321.6899211435,10700.4435683183,3.02769975287337,6.13024801019743,1.34826080815847,13.2556512576087,13.8047138047138,0.832783411970967,1.06038615419986,1.44843292305452,1.39924333770232,1.22969462911609,15,32,43,46,46,24,34,37,42,39,33,35,46,9,29,45,45,39
"39","Rhode Island",1104.673,2869.8,2.59787285468188,356087,113401,35653,631456,0.049,17.843,4.132,97.3,1.301,52.166,102.412,341.337,67,6,35,6864.09328,503.39365,4205.40235,779,136,17464395.3149449,533718.388902244,32.7221165282796,1.172,51876.7716979511,16520.9001938272,5194.13104479256,124080.772179246,39515.2972332567,12423.5138337166,0.27461749705767,2.4939615841736,4.24665981500514,30.0031933250717,17.4582798459564,1.19191014825078,0.832262815471152,1.54989389271133,1.45545270008491,1.81030123188948,45,42,47,40,38,48,46,43,3,18,49,49,48,26,16,47,46,46
"40","South Carolina",41266.815,90552.099,2.19430792029867,1903048,385182,126634,2487783,5.182,546.291,15.402,1545.711,3.453,304.299,43.046,1024.109,1064,351,172,53972.05201,12029.59601,16048.10832,9395,499,32007409.7351114,1692922.94092296,18.9065957825944,0.936,35259.8785691417,7136.69363411703,2346.2884082402,21016.0561821985,4253.70592458602,1398.46565014468,0.948578687915415,1.13473918744393,0.996434650461826,4.20326351980112,5.3113358169239,2.91780372099129,1.07177741183143,0.846353572019418,0.869354581770942,0.694679729760041,21,18,37,18,19,9,3,8,19,3,24,8,23,50,30,19,20,8
"41","South Dakota",7750.985,17955.264,2.31651383662851,245906,98602,113589,496054,2.585,591.032,17.775,2591.021,1,87.749,9.333,135.644,141,51,15,9742.50787,4084.57771,1390.44752,5886,1018,1956011.30579337,199603.657026168,9.79947629685432,1.01,25240.5236188944,10120.802704571,11659.1129836059,13695.4822830787,5491.53718931674,6326.22277233016,0.437370565383939,1.13961412665671,0.686023000199535,6.8805107487246,17.2952769283044,1.2485990871257,1.07878936703774,1.06432822904683,1.05538567621289,0.749627828309025,7,29,21,30,47,4,8,27,8,4,18,19,47,29,31,34,34,15
"42","Tennessee",14065.821,37746.437,2.68355732665729,1172329,403701,235296,1846165,4.289,644.566,8.025,1704.905,9.231,556.434,91.121,1833.03,1217,155,418,76392.47494,13282.08868,28835.17347,20331,841,49907948.5884094,2245805.01000093,22.2227434555366,0.89,15346.1319445504,5284.56500875347,3080.09395146323,31058.0042296442,10695.0756703209,6233.59497480517,0.665408972859257,1.65895685741705,0.470700713529493,4.97105884791847,4.13654025871821,1.16698513113677,1.44961846834348,0.647453131187078,0.688353711247642,0.705343184542032,28,6,4,8,24,18,21,26,12,10,13,10,11,23,47,3,3,10
"43","Texas",80719.895,198465.385,2.45869230875486,9622499,2101734,432230,14869066,24.745,1999.67,33.761,8375.675,57.88,1457.295,893.915,6164.882,3874,630,1285,260581.95545,41025.34398,116488.25886,55175,789,389960638.436758,10483903.8506093,37.1961288460399,0.921,36926.9582898895,8065.53929020337,1658.71040169907,48484.5203610695,10589.9273064671,2177.86088994814,1.23745417993969,3.97174216613657,0.403083930548881,14.5001153306746,1.42999546896239,1.53563611875412,1.10311546637877,0.843073972538497,0.868776332335827,0.807512971026675,47,15,38,22,8,30,20,12,22,30,9,37,3,40,34,18,19,18
"44","Utah",5874.994,16022.842,2.72729504064174,938924,258207,67478,1677547,2.078,684.641,5.09,1191.271,6.822,253.418,20.662,656.245,276,53,102,30251.18348,5412.94914,13063.4082,3056,63,20192367.3636364,1162710.54545455,17.3666330305299,0.99,31037.5956240109,8535.43466062109,2230.59041787941,58599.0924706116,16114.9314210301,4211.36275324939,0.303516733587384,2.69199504376169,0.427274734296394,3.14851922681316,2.06151832460733,0.97913353015543,0.780806956640917,0.583336041531166,0.619484635389669,0.639138918927904,17,25,28,24,15,37,31,21,4,20,11,5,5,16,13,1,1,6
"45","Vermont",2628.169,5997.863,2.28214509797505,194913,117302,81241,473140,2.919,255.284,5.902,328.649,0.881,64.308,8.911,125.403,62,13,7,6006.9751,1577.74718,935.14707,2836,68,1773558.45454545,93345.1818181818,19,1.17,32447.7789162136,19527.6321355153,13524.4442747898,32497.0743746564,19557.2989913241,13544.9909409401,1.14343241252879,1.36996952167693,1.79583689589806,7.10589060867762,2.39774330042313,0.823959640986333,0.748545359822386,1.13154960333189,1.04822094641098,0.905292323850844,22,41,32,44,49,21,33,45,21,6,38,21,7,6,12,35,33,23
"46","Virginia",59247.388,128988.6,2.17711876175875,1530009,1769492,478453,4497796,2.068,598.2,4.66,1635.352,13.358,520.757,82.509,1353.132,850,175,216,76110.26923,14531.46916,31458.82974,13997,530,85988152.4284563,3029205.04582251,28.386375675374,1.018,20102.530387541,23249.0571627426,6286.31332986286,11861.5831166475,13718.204554511,3709.26578007669,0.345703778000669,2.56511194280634,0.284953942637426,6.0976312732239,3.78652568407516,1.20428291229983,0.686611681951269,0.866832064237596,0.872056650348773,0.58662044368075,39,30,12,48,42,2,27,18,5,19,3,16,10,27,10,23,21,3
"47","Washington",7052.28,18449.7,2.61613265497116,1807166,1048661,299185,3741480,17.6,428.99,15.64,1312.376,9.78,334.59,246.557,1408.649,560,66,138,53658.2413,8151.52786,23958.66931,8358,401,63216591.3994066,2555959.48633421,24.7330177717616,1.116,33679.1880653755,19543.3352751351,5575.75113815741,97950.9693924562,56838.9187900074,16216.2528387995,4.10265973565817,2.92298036402762,1.19173163788426,17.5030827409809,4.79779851639148,0.809664165215771,0.575991922649898,1.138278909882,1.09391780544451,1.53648013814681,36,38,34,45,39,44,49,47,45,22,30,44,15,4,6,37,36,44
"48","West Virginia",34421.598,71053.824,2.06422212007705,910892,334687,66194,1483700,10.998,319.352,29.661,1012.214,21.142,235.238,22.721,395.754,267,43,45,16054.14025,3780.86909,4739.48165,7314,1490,3643545.39222651,372147.294473772,9.79060024439679,0.905,56738.7593365518,20847.3948020979,4123.1731484344,12819.7463376496,4710.3305798151,931.603624880204,3.44384879380746,8.98749351720385,2.9303092033898,5.74119276115971,20.3718895269346,1.13730465076748,0.949470919462258,1.54985964501746,1.54401552734622,1.12531058198199,6,9,48,47,31,3,5,3,44,45,45,14,50,21,21,46,47,34
"49","Wisconsin",11747.23,29805.73,2.53725601695038,1384617,349633,180214,2539117,13.34,508.16,43.12,2825.275,19.161,366.16,327.233,1891.135,614,107,122,57599.94105,11964.82587,18202.47359,14307,987,33224402.6344364,1770082.98258473,18.769968957004,0.964,24038.5141852502,6070.02357340086,3128.7184798256,46454.7253162395,11730.3954642279,6046.28707298899,2.62515743073048,5.23295826960891,1.52622311102459,17.3035240741671,6.89872090585028,0.894287983482371,0.67023857717351,0.939919513615725,0.94947381571405,0.996714771770447,20,23,19,11,26,28,24,24,36,37,35,43,27,12,9,28,27,30
"50","Wyoming",6734.893,15792.422,2.34486605800567,374234,106393,42152,564377,12.717,807.05,5.921,1914.304,7.081,105.653,11.374,191.407,127,56,17,9800.31981,4147.37377,1239.22442,3114,230,501554.090909091,77725.3636363636,6.45290118236822,0.943,38185.8967110584,10856.0742978448,4301.08412962087,23697.0617933082,6736.96536224779,2669.12826924205,1.57573880180906,6.70212866648368,0.309303015612985,5.94231140971856,7.38599871547848,1.35025206565841,1.37182577470512,0.935125743267164,0.954864688323492,0.729807062941838,1,20,40,33,33,13,10,15,31,41,4,15,32,34,44,27,28,11
"51","United States",781295.836,1887581.177,2.41596216186669,78869455,27457186,10083635,157763506,609.463,29198.709,1016.447,89777.721,910.683,19108.484,9104.542,64182.55,38788,5822,11889,2900591.05241,448887.91852,1143597.16534,617008,43289,2926915147.48898,104909445.61121,27.8994434718111,1,27190.821999699,9466.06588239551,3476.40698664566,41783.3447170468,14546.2279103878,5342.09342775196,2.08729433893807,4.76585688325667,1.13218178037734,14.1853852799554,7.01595441226046,1.29698300172465,1.03961432926998,NA,NA,NA,NA,NA,NA,NA,NA,NA,NA,NA,NA,NA,NA,NA,NA,NA,NA,NA,NA,NA
