,0
0,London
1,156
2,5%
3,5%
4,10
5,Chicago
6,IL
7,155
8,49%
9,7%
10,11
11,Paris
12,138
13,-1%
14,-16%
15,11
16,Boston
17,MA
18,134
19,72%
20,-10%
21,11
22,New
23,York
24,City
25,NY
26,117
27,15%
28,-16%
29,11
30,Bogota
31,122
32,30%
33,-36%
34,11
35,Toronto
36,ON
37,118
38,59%
39,-13%
40,10
41,Philadelphia
42,PA
43,114
44,27%
45,-20%
46,11
47,Miami
48,FL
49,105
50,59%
51,30%
52,15
53,Palermo
54,121
55,11%
56,-12%
57,9
58,Monterrey
59,116
60,66%
61,108%
62,19
63,Dublin
64,114
65,28%
66,-26%
67,12
68,Rome
69,107
70,0%
71,-36%
72,13
73,Los
74,Angeles
75,CA
76,95
77,53%
78,-8%
79,19
80,San
81,Francisco
82,CA
83,97
84,52%
85,0%
86,12
87,Istanbul
88,89
89,1%
90,-42%
91,14
92,Brussels
93,98
94,-27%
95,-30%
96,10
97,Medellin
98,91
99,72%
100,32%
101,12
102,Bucharest
103,91
104,-7%
105,0%
106,15
107,Washington
108,DC
109,83
110,88%
111,-33%
112,11
113,Lyon
114,92
115,-9%
116,-12%
117,10
118,Mexico
119,City
120,74
121,11%
122,-53%
123,12
124,Budapest
125,86
126,-6%
127,-6%
128,16
129,Cape
130,Town
131,80
132,36%
133,-35%
134,12
135,Bristol
136,91
137,38%
138,-11%
139,14
140,Athens
141,78
142,11%
143,-27%
144,14
145,Houston
146,TX
147,74
148,28%
149,-8%
150,16
151,Atlanta
152,GA
153,74
154,40%
155,-9%
156,16
157,Turin
158,86
159,-7%
160,-30%
161,11
162,Marseille
163,83
164,6%
165,2%
166,11
167,Manchester
168,84
169,35%
170,-9%
171,14
172,Bangkok
173,67
174,34%
175,-25%
176,13
177,Montréal
178,QC
179,72
180,31%
181,-38%
182,13
183,New
184,Orleans
185,LA
186,77
187,22%
188,-3%
189,14
190,Wroclaw
191,80
192,-4%
193,4%
194,14
195,Berlin
196,71
197,9%
198,7%
199,14
200,Portland
201,OR
202,72
203,50%
204,-19%
205,15
206,München
207,74
208,-6%
209,-15%
210,11
211,Galway
212,94
213,84%
214,-13%
215,13
216,Quito
217,70
218,10%
219,-52%
220,11
221,Birmingham
222,73
223,38%
224,-9%
225,16
226,Stamford
227,CT
228,73
229,59%
230,-1%
231,13
232,Johannesburg
233,61
234,28%
235,-17%
236,13
237,Poznan
238,74
239,-14%
240,24%
241,15
242,Cali
243,66
244,29%
245,-30%
246,13
247,Sydney
248,62
249,20%
250,-48%
251,16
252,Nice
253,71
254,18%
255,1%
256,14
257,São
258,Paulo
259,56
260,25%
261,-63%
262,14
263,Belo
264,Horizonte
265,65
266,12%
267,-60%
268,13
269,Belfast
270,72
271,20%
272,-36%
273,16
274,Warsaw
275,64
276,3%
277,-10%
278,15
279,Nottingham
280,71
281,22%
282,-9%
283,14
284,Kraków
285,66
286,8%
287,-11%
288,15
289,Dallas
290,TX
291,56
292,28%
293,-10%
294,16
295,Nimes
296,74
297,-19%
298,58%
299,16
300,Edinburgh
301,67
302,49%
303,-31%
304,16
305,Rotterdam
306,59
307,25%
308,3%
309,15
310,Vancouver
311,BC
312,59
313,15%
314,-32%
315,19
316,Hull
317,68
318,22%
319,-9%
320,16
321,Lisboa
322,64
323,18%
324,-53%
325,11
326,Milan
327,59
328,-10%
329,-40%
330,15
331,Melbourne
332,54
333,26%
334,-17%
335,16
336,Baltimore
337,MD
338,55
339,49%
340,-34%
341,12
342,Leeds
343,60
344,20%
345,-9%
346,16
347,Hamburg
348,56
349,20%
350,18%
351,15
352,Genoa
353,61
354,-3%
355,-15%
356,12
357,San
358,Diego
359,CA
360,54
361,69%
362,-23%
363,19
364,Antwerp
365,61
366,-9%
367,-3%
368,11
369,Denver
370,CO
371,54
372,35%
373,-14%
374,14
375,Guayaquil
376,54
377,15%
378,-58%
379,18
380,Cork
381,68
382,95%
383,-20%
384,13
385,Leicester
386,62
387,18%
388,-15%
389,16
390,Bordeaux
391,59
392,1%
393,-53%
394,14
395,Bournemouth
396,65
397,62%
398,30%
399,15
400,Cardiff
401,61
402,11%
403,-30%
404,13
405,Verona
406,62
407,-10%
408,-19%
409,14
410,Wigan
411,61
412,20%
413,11%
414,15
415,Lódz
416,58
417,20%
418,-18%
419,16
420,Grenoble
421,61
422,-14%
423,-19%
424,11
425,Austin
426,TX
427,53
428,65%
429,-23%
430,17
431,Plymouth
432,61
433,18%
434,33%
435,15
436,Cambridge
437,65
438,-15%
439,-9%
440,13
441,Naples
442,55
443,6%
444,-23%
445,12
446,Toulon
447,59
448,-4%
449,18%
450,19
451,Prague
452,53
453,4%
454,-18%
455,17
456,Guadalajara
457,52
458,-6%
459,-39%
460,17
461,Copenhagen
462,50
463,5%
464,-26%
465,15
466,Florence
467,56
468,6%
469,-23%
470,13
471,Sheffield
472,54
473,116%
474,74%
475,16
476,Busto
477,Arsizio
478,62
479,-3%
480,0%
481,13
482,Southampton
483,56
484,20%
485,-29%
486,14
487,Bari
488,55
489,2%
490,-33%
491,11
492,Seattle
493,WA
494,46
495,52%
496,-38%
497,17
498,Lugano
499,60
500,-29%
501,-33%
502,16
503,Limerick
504,62
505,18%
506,-29%
507,15
508,Geneva
509,53
510,4%
511,4%
512,13
513,Strasbourg
514,54
515,-16%
516,157%
517,13
518,Zurich
519,50
520,15%
521,1%
522,18
523,Barcelona
524,47
525,-3%
526,-40%
527,12
528,Londonderry
529,66
530,22%
531,14%
532,16
533,London
534,156
535,5%
536,5%
537,10
538,London
539,156
540,5%
541,5%
542,10
543,Chicago
544,IL
545,155
546,49%
547,7%
548,11
549,Chicago
550,IL
551,155
552,49%
553,7%
554,11
555,Paris
556,138
557,-1%
558,-16%
559,11
560,Paris
561,138
562,-1%
563,-16%
564,11
565,Boston
566,MA
567,134
568,72%
569,-10%
570,11
571,Boston
572,MA
573,134
574,72%
575,-10%
576,11
577,New
578,York
579,City
580,NY
581,117
582,15%
583,-16%
584,11
585,New
586,York
587,City
588,NY
589,117
590,15%
591,-16%
592,11
593,Bogota
594,122
595,30%
596,-36%
597,11
598,Bogota
599,122
600,30%
601,-36%
602,11
603,Toronto
604,ON
605,118
606,59%
607,-13%
608,10
609,Toronto
610,ON
611,118
612,59%
613,-13%
614,10
615,Philadelphia
616,PA
617,114
618,27%
619,-20%
620,11
621,Philadelphia
622,PA
623,114
624,27%
625,-20%
626,11
627,Miami
628,FL
629,105
630,59%
631,30%
632,15
633,Miami
634,FL
635,105
636,59%
637,30%
638,15
639,Palermo
640,121
641,11%
642,-12%
643,9
644,Palermo
645,121
646,11%
647,-12%
648,9
649,Monterrey
650,116
651,66%
652,108%
653,19
654,Monterrey
655,116
656,66%
657,108%
658,19
659,Dublin
660,114
661,28%
662,-26%
663,12
664,Dublin
665,114
666,28%
667,-26%
668,12
669,Rome
670,107
671,0%
672,-36%
673,13
674,Rome
675,107
676,0%
677,-36%
678,13
679,Los
680,Angeles
681,CA
682,95
683,53%
684,-8%
685,19
686,Los
687,Angeles
688,CA
689,95
690,53%
691,-8%
692,19
693,San
694,Francisco
695,CA
696,97
697,52%
698,0%
699,12
700,San
701,Francisco
702,CA
703,97
704,52%
705,0%
706,12
707,Istanbul
708,89
709,1%
710,-42%
711,14
712,Istanbul
713,89
714,1%
715,-42%
716,14
717,Brussels
718,98
719,-27%
720,-30%
721,10
722,Brussels
723,98
724,-27%
725,-30%
726,10
727,Medellin
728,91
729,72%
730,32%
731,12
732,Medellin
733,91
734,72%
735,32%
736,12
737,Bucharest
738,91
739,-7%
740,0%
741,15
742,Bucharest
743,91
744,-7%
745,0%
746,15
747,Washington
748,DC
749,83
750,88%
751,-33%
752,11
753,Washington
754,DC
755,83
756,88%
757,-33%
758,11
759,Lyon
760,92
761,-9%
762,-12%
763,10
764,Lyon
765,92
766,-9%
767,-12%
768,10
769,Mexico
770,City
771,74
772,11%
773,-53%
774,12
775,Mexico
776,City
777,74
778,11%
779,-53%
780,12
781,Budapest
782,86
783,-6%
784,-6%
785,16
786,Budapest
787,86
788,-6%
789,-6%
790,16
791,Cape
792,Town
793,80
794,36%
795,-35%
796,12
797,Cape
798,Town
799,80
800,36%
801,-35%
802,12
803,Bristol
804,91
805,38%
806,-11%
807,14
808,Bristol
809,91
810,38%
811,-11%
812,14
813,Athens
814,78
815,11%
816,-27%
817,14
818,Athens
819,78
820,11%
821,-27%
822,14
823,Houston
824,TX
825,74
826,28%
827,-8%
828,16
829,Houston
830,TX
831,74
832,28%
833,-8%
834,16
835,Atlanta
836,GA
837,74
838,40%
839,-9%
840,16
841,Atlanta
842,GA
843,74
844,40%
845,-9%
846,16
847,Turin
848,86
849,-7%
850,-30%
851,11
852,Turin
853,86
854,-7%
855,-30%
856,11
857,Marseille
858,83
859,6%
860,2%
861,11
862,Marseille
863,83
864,6%
865,2%
866,11
867,Manchester
868,84
869,35%
870,-9%
871,14
872,Manchester
873,84
874,35%
875,-9%
876,14
877,Bangkok
878,67
879,34%
880,-25%
881,13
882,Bangkok
883,67
884,34%
885,-25%
886,13
887,Montréal
888,QC
889,72
890,31%
891,-38%
892,13
893,Montréal
894,QC
895,72
896,31%
897,-38%
898,13
899,New
900,Orleans
901,LA
902,77
903,22%
904,-3%
905,14
906,New
907,Orleans
908,LA
909,77
910,22%
911,-3%
912,14
913,Wroclaw
914,80
915,-4%
916,4%
917,14
918,Wroclaw
919,80
920,-4%
921,4%
922,14
923,Berlin
924,71
925,9%
926,7%
927,14
928,Berlin
929,71
930,9%
931,7%
932,14
933,Portland
934,OR
935,72
936,50%
937,-19%
938,15
939,Portland
940,OR
941,72
942,50%
943,-19%
944,15
945,München
946,74
947,-6%
948,-15%
949,11
950,München
951,74
952,-6%
953,-15%
954,11
955,Galway
956,94
957,84%
958,-13%
959,13
960,Galway
961,94
962,84%
963,-13%
964,13
965,Quito
966,70
967,10%
968,-52%
969,11
970,Quito
971,70
972,10%
973,-52%
974,11
975,Birmingham
976,73
977,38%
978,-9%
979,16
980,Birmingham
981,73
982,38%
983,-9%
984,16
985,Stamford
986,CT
987,73
988,59%
989,-1%
990,13
991,Stamford
992,CT
993,73
994,59%
995,-1%
996,13
997,Johannesburg
998,61
999,28%
1000,-17%
1001,13
1002,Johannesburg
1003,61
1004,28%
1005,-17%
1006,13
1007,Poznan
1008,74
1009,-14%
1010,24%
1011,15
1012,Poznan
1013,74
1014,-14%
1015,24%
1016,15
1017,Cali
1018,66
1019,29%
1020,-30%
1021,13
1022,Cali
1023,66
1024,29%
1025,-30%
1026,13
1027,Sydney
1028,62
1029,20%
1030,-48%
1031,16
1032,Sydney
1033,62
1034,20%
1035,-48%
1036,16
1037,Nice
1038,71
1039,18%
1040,1%
1041,14
1042,Nice
1043,71
1044,18%
1045,1%
1046,14
1047,São
1048,Paulo
1049,56
1050,25%
1051,-63%
1052,14
1053,São
1054,Paulo
1055,56
1056,25%
1057,-63%
1058,14
1059,Belo
1060,Horizonte
1061,65
1062,12%
1063,-60%
1064,13
1065,Belo
1066,Horizonte
1067,65
1068,12%
1069,-60%
1070,13
1071,Belfast
1072,72
1073,20%
1074,-36%
1075,16
1076,Belfast
1077,72
1078,20%
1079,-36%
1080,16
1081,Warsaw
1082,64
1083,3%
1084,-10%
1085,15
1086,Warsaw
1087,64
1088,3%
1089,-10%
1090,15
1091,Nottingham
1092,71
1093,22%
1094,-9%
1095,14
1096,Nottingham
1097,71
1098,22%
1099,-9%
1100,14
1101,Kraków
1102,66
1103,8%
1104,-11%
1105,15
1106,Kraków
1107,66
1108,8%
1109,-11%
1110,15
1111,Dallas
1112,TX
1113,56
1114,28%
1115,-10%
1116,16
1117,Dallas
1118,TX
1119,56
1120,28%
1121,-10%
1122,16
1123,Nimes
1124,74
1125,-19%
1126,58%
1127,16
1128,Nimes
1129,74
1130,-19%
1131,58%
1132,16
1133,Edinburgh
1134,67
1135,49%
1136,-31%
1137,16
1138,Edinburgh
1139,67
1140,49%
1141,-31%
1142,16
1143,Rotterdam
1144,59
1145,25%
1146,3%
1147,15
1148,Rotterdam
1149,59
1150,25%
1151,3%
1152,15
1153,Vancouver
1154,BC
1155,59
1156,15%
1157,-32%
1158,19
1159,Vancouver
1160,BC
1161,59
1162,15%
1163,-32%
1164,19
1165,Hull
1166,68
1167,22%
1168,-9%
1169,16
1170,Hull
1171,68
1172,22%
1173,-9%
1174,16
1175,Lisboa
1176,64
1177,18%
1178,-53%
1179,11
1180,Lisboa
1181,64
1182,18%
1183,-53%
1184,11
1185,Milan
1186,59
1187,-10%
1188,-40%
1189,15
1190,Milan
1191,59
1192,-10%
1193,-40%
1194,15
1195,Melbourne
1196,54
1197,26%
1198,-17%
1199,16
1200,Melbourne
1201,54
1202,26%
1203,-17%
1204,16
1205,Baltimore
1206,MD
1207,55
1208,49%
1209,-34%
1210,12
1211,Baltimore
1212,MD
1213,55
1214,49%
1215,-34%
1216,12
1217,Leeds
1218,60
1219,20%
1220,-9%
1221,16
1222,Leeds
1223,60
1224,20%
1225,-9%
1226,16
1227,Hamburg
1228,56
1229,20%
1230,18%
1231,15
1232,Hamburg
1233,56
1234,20%
1235,18%
1236,15
1237,Genoa
1238,61
1239,-3%
1240,-15%
1241,12
1242,Genoa
1243,61
1244,-3%
1245,-15%
1246,12
1247,San
1248,Diego
1249,CA
1250,54
1251,69%
1252,-23%
1253,19
1254,San
1255,Diego
1256,CA
1257,54
1258,69%
1259,-23%
1260,19
1261,Antwerp
1262,61
1263,-9%
1264,-3%
1265,11
1266,Antwerp
1267,61
1268,-9%
1269,-3%
1270,11
1271,Denver
1272,CO
1273,54
1274,35%
1275,-14%
1276,14
1277,Denver
1278,CO
1279,54
1280,35%
1281,-14%
1282,14
1283,Guayaquil
1284,54
1285,15%
1286,-58%
1287,18
1288,Guayaquil
1289,54
1290,15%
1291,-58%
1292,18
1293,Cork
1294,68
1295,95%
1296,-20%
1297,13
1298,Cork
1299,68
1300,95%
1301,-20%
1302,13
1303,Leicester
1304,62
1305,18%
1306,-15%
1307,16
1308,Leicester
1309,62
1310,18%
1311,-15%
1312,16
1313,Bordeaux
1314,59
1315,1%
1316,-53%
1317,14
1318,Bordeaux
1319,59
1320,1%
1321,-53%
1322,14
1323,Bournemouth
1324,65
1325,62%
1326,30%
1327,15
1328,Bournemouth
1329,65
1330,62%
1331,30%
1332,15
1333,Cardiff
1334,61
1335,11%
1336,-30%
1337,13
1338,Cardiff
1339,61
1340,11%
1341,-30%
1342,13
1343,Verona
1344,62
1345,-10%
1346,-19%
1347,14
1348,Verona
1349,62
1350,-10%
1351,-19%
1352,14
1353,Wigan
1354,61
1355,20%
1356,11%
1357,15
1358,Wigan
1359,61
1360,20%
1361,11%
1362,15
1363,Lódz
1364,58
1365,20%
1366,-18%
1367,16
1368,Lódz
1369,58
1370,20%
1371,-18%
1372,16
1373,Grenoble
1374,61
1375,-14%
1376,-19%
1377,11
1378,Grenoble
1379,61
1380,-14%
1381,-19%
1382,11
1383,Austin
1384,TX
1385,53
1386,65%
1387,-23%
1388,17
1389,Austin
1390,TX
1391,53
1392,65%
1393,-23%
1394,17
1395,Plymouth
1396,61
1397,18%
1398,33%
1399,15
1400,Plymouth
1401,61
1402,18%
1403,33%
1404,15
1405,Cambridge
1406,65
1407,-15%
1408,-9%
1409,13
1410,Cambridge
1411,65
1412,-15%
1413,-9%
1414,13
1415,Naples
1416,55
1417,6%
1418,-23%
1419,12
1420,Naples
1421,55
1422,6%
1423,-23%
1424,12
1425,Toulon
1426,59
1427,-4%
1428,18%
1429,19
1430,Toulon
1431,59
1432,-4%
1433,18%
1434,19
1435,Prague
1436,53
1437,4%
1438,-18%
1439,17
1440,Prague
1441,53
1442,4%
1443,-18%
1444,17
1445,Guadalajara
1446,52
1447,-6%
1448,-39%
1449,17
1450,Guadalajara
1451,52
1452,-6%
1453,-39%
1454,17
1455,Copenhagen
1456,50
1457,5%
1458,-26%
1459,15
1460,Copenhagen
1461,50
1462,5%
1463,-26%
1464,15
1465,Florence
1466,56
1467,6%
1468,-23%
1469,13
1470,Florence
1471,56
1472,6%
1473,-23%
1474,13
1475,Sheffield
1476,54
1477,116%
1478,74%
1479,16
1480,Sheffield
1481,54
1482,116%
1483,74%
1484,16
1485,Busto
1486,Arsizio
1487,62
1488,-3%
1489,0%
1490,13
1491,Busto
1492,Arsizio
1493,62
1494,-3%
1495,0%
1496,13
1497,Southampton
1498,56
1499,20%
1500,-29%
1501,14
1502,Southampton
1503,56
1504,20%
1505,-29%
1506,14
1507,Bari
1508,55
1509,2%
1510,-33%
1511,11
1512,Bari
1513,55
1514,2%
1515,-33%
1516,11
1517,Seattle
1518,WA
1519,46
1520,52%
1521,-38%
1522,17
1523,Seattle
1524,WA
1525,46
1526,52%
1527,-38%
1528,17
1529,Lugano
1530,60
1531,-29%
1532,-33%
1533,16
1534,Lugano
1535,60
1536,-29%
1537,-33%
1538,16
1539,Limerick
1540,62
1541,18%
1542,-29%
1543,15
1544,Limerick
1545,62
1546,18%
1547,-29%
1548,15
1549,Geneva
1550,53
1551,4%
1552,4%
1553,13
1554,Geneva
1555,53
1556,4%
1557,4%
1558,13
1559,Strasbourg
1560,54
1561,-16%
1562,157%
1563,13
1564,Strasbourg
1565,54
1566,-16%
1567,157%
1568,13
1569,Zurich
1570,50
1571,15%
1572,1%
1573,18
1574,Zurich
1575,50
1576,15%
1577,1%
1578,18
1579,Barcelona
1580,47
1581,-3%
1582,-40%
1583,12
1584,Barcelona
1585,47
1586,-3%
1587,-40%
1588,12
1589,Londonderry
1590,66
1591,22%
1592,14%
1593,16
1594,Londonderry
1595,66
1596,22%
1597,14%
1598,16
1599,Potsdam
1600,55
1601,20%
1602,58%
1603,16
1604,Vilnius
1605,50
1606,12%
1607,0%
1608,28
1609,Udine
1610,58
1611,-1%
1612,140%
1613,16
1614,Liverpool
1615,50
1616,12%
1617,-3%
1618,17
1619,Zagreb
1620,48
1621,-6%
1622,0%
1623,18
1624,Ankara
1625,43
1626,-15%
1627,-18%
1628,19
1629,Winnipeg
1630,MB
1631,48
1632,60%
1633,26%
1634,20
1635,Cheltenham
1636,55
1637,-22%
1638,-8%
1639,14
1640,Montpellier
1641,50
1642,-7%
1643,-3%
1644,15
1645,Concord
1646,CA
1647,54
1648,35%
1649,0%
1650,18
1651,Exeter
1652,54
1653,-24%
1654,-4%
1655,16
1656,The
1657,Hague
1658,46
1659,30%
1660,-14%
1661,18
1662,Bursa
1663,44
1664,-46%
1665,-6%
1666,18
1667,Stoke-on-Trent
1668,50
1669,23%
1670,-16%
1671,18
1672,Pau
1673,54
1674,-13%
1675,38%
1676,14
1677,Worcester
1678,54
1679,13%
1680,-2%
1681,19
1682,Lille
1683,50
1684,-20%
1685,-46%
1686,14
1687,Lecco
1688,58
1689,-30%
1690,28%
1691,15
1692,Esenyurt
1693,50
1694,-10%
1695,23%
1696,15
1697,Auckland
1698,43
1699,-10%
1700,-14%
1701,19
1702,Perth
1703,42
1704,0%
1705,24%
1706,21
1707,Tallinn
1708,47
1709,-4%
1710,0%
1711,21
1712,Leipzig
1713,46
1714,14%
1715,38%
1716,16
1717,Providence
1718,RI
1719,42
1720,11%
1721,-40%
1722,14
1723,Brescia
1724,49
1725,-4%
1726,0%
1727,14
1728,Anglet
1729,56
1730,11%
1731,0%
1732,14
1733,Las
1734,Vegas
1735,NV
1736,41
1737,46%
1738,155%
1739,19
1740,Toulouse
1741,44
1742,17%
1743,-22%
1744,17
1745,Bergamo
1746,50
1747,15%
1748,0%
1749,11
1750,Hove
1751,52
1752,32%
1753,3%
1754,0
1755,Nashville
1756,TN
1757,41
1758,155%
1759,13%
1760,21
1761,Chesterfield
1762,50
1763,12%
1764,10%
1765,17
1766,Port
1767,Elizabeth
1768,42
1769,2%
1770,68%
1771,19
1772,Stockholm
1773,42
1774,11%
1775,-11%
1776,17
1777,Trapani
1778,52
1779,8%
1780,-19%
1781,15
1782,Graz
1783,46
1784,-17%
1785,23%
1786,15
1787,Derby
1788,46
1789,47%
1790,-25%
1791,16
1792,Villefranche-sur-Saone
1793,54
1794,17%
1795,86%
1796,16
1797,Pretoria
1798,42
1799,11%
1800,-35%
1801,13
1802,Basel
1803,44
1804,6%
1805,64%
1806,16
1807,Nantes
1808,43
1809,8%
1810,-30%
1811,16
1812,Darmstadt
1813,47
1814,26%
1815,30%
1816,16
1817,Toluca
1818,38
1819,28%
1820,-47%
1821,15
1822,Gold
1823,Coast
1824,42
1825,24%
1826,24%
1827,19
1828,Waterford
1829,52
1830,61%
1831,-19%
1832,16
1833,Bellinzona
1834,56
1835,6%
1836,41%
1837,16
1838,Gaziantep
1839,40
1840,4%
1841,41%
1842,14
1843,Izmir
1844,37
1845,-11%
1846,49%
1847,17
1848,Doncaster
1849,43
1850,20%
1851,-12%
1852,19
1853,Newcastle
1854,43
1855,-18%
1856,5%
1857,18
1858,Riga
1859,41
1860,10%
1861,0%
1862,22
1863,Padua
1864,44
1865,-11%
1866,0%
1867,15
1868,Norwich
1869,46
1870,20%
1871,-19%
1872,17
1873,Ipswich
1874,46
1875,20%
1876,4%
1877,17
1878,Adana
1879,38
1880,-11%
1881,28%
1882,16
1883,Adelaide
1884,38
1885,4%
1886,16%
1887,20
1888,Vienna
1889,37
1890,-7%
1891,-9%
1892,17
1893,Freiburg
1894,43
1895,8%
1896,23%
1897,15
1898,Cologne
1899,38
1900,-9%
1901,-6%
1902,17
1903,Dundalk
1904,48
1905,12%
1906,41%
1907,17
1908,Bratislava
1909,41
1910,-30%
1911,-58%
1912,19
1913,Erzurum
1914,41
1915,0%
1916,17%
1917,17
1918,Sacramento
1919,CA
1920,36
1921,44%
1922,-44%
1923,17
1924,Newry
1925,52
1926,20%
1927,1%
1928,18
1929,Brisbane
1930,36
1931,16%
1932,24%
1933,20
1934,Colchester
1935,43
1936,0%
1937,-4%
1938,18
1939,Tijuana
1940,37
1941,28%
1942,9%
1943,19
1944,Bremen
1945,40
1946,7%
1947,7%
1948,16
1949,La
1950,Roche-sur-Yon
1951,48
1952,-11%
1953,17%
1954,16
1955,Coventry
1956,41
1957,32%
1958,-11%
1959,18
1960,Chelmsford
1961,43
1962,-20%
1963,-21%
1964,18
1965,Nuremberg
1966,40
1967,-3%
1968,-6%
1969,16
1970,Jakarta
1971,30
1972,7%
1973,-80%
1974,13
1975,Surabaya
1976,35
1977,-44%
1978,-3%
1979,15
1980,San
1981,Juan
1982,PR
1983,41
1984,70%
1985,-7%
1986,20
1987,Rennes
1988,42
1989,-18%
1990,-35%
1991,15
1992,Vicenza
1993,44
1994,-3%
1995,-15%
1996,19
1997,Arnhem
1998,43
1999,8%
2000,5%
2001,19
2002,Lorient
2003,46
2004,-21%
2005,57%
2006,14
2007,Dijon
2008,42
2009,-14%
2010,83%
2011,16
2012,Liège
2013,40
2014,-31%
2015,-12%
2016,15
2017,Hamilton
2018,42
2019,-26%
2020,5%
2021,18
2022,Dresden
2023,38
2024,-6%
2025,24%
2026,16
2027,Durham
2028,47
2029,17%
2030,-25%
2031,18
2032,Lübeck
2033,41
2034,7%
2035,13%
2036,16
2037,Newcastle
2038,upon
2039,Tyne
2040,40
2041,24%
2042,-31%
2043,19
2044,Eastbourne
2045,43
2046,-17%
2047,17%
2048,14
2049,Pavia
2050,44
2051,-8%
2052,-1%
2053,15
2054,Amiens
2055,42
2056,-19%
2057,100%
2058,14
2059,Stuttgart
2060,37
2061,-5%
2062,-11%
2063,18
2064,Porto
2065,Alegre
2066,35
2067,45%
2068,-30%
2069,18
2070,Pittsburgh
2071,PA
2072,34
2073,87%
2074,-4%
2075,19
2076,Lucca
2077,43
2078,-4%
2079,-31%
2080,18
2081,Nijmegen
2082,41
2083,-28%
2084,-22%
2085,16
2086,Reading
2087,41
2088,17%
2089,-39%
2090,15
2091,Varese
2092,43
2093,-27%
2094,0%
2095,14
2096,Bolzano
2097,42
2098,-38%
2099,-7%
2100,18
2101,Porto
2102,40
2103,32%
2104,-40%
2105,0
2106,Gdansk
2107,37
2108,20%
2109,-28%
2110,0
2111,Orléans
2112,40
2113,-37%
2114,72%
2115,16
2116,Potsdam
2117,55
2118,20%
2119,58%
2120,16
2121,Potsdam
2122,55
2123,20%
2124,58%
2125,16
2126,Vilnius
2127,50
2128,12%
2129,0%
2130,28
2131,Vilnius
2132,50
2133,12%
2134,0%
2135,28
2136,Udine
2137,58
2138,-1%
2139,140%
2140,16
2141,Udine
2142,58
2143,-1%
2144,140%
2145,16
2146,Liverpool
2147,50
2148,12%
2149,-3%
2150,17
2151,Liverpool
2152,50
2153,12%
2154,-3%
2155,17
2156,Zagreb
2157,48
2158,-6%
2159,0%
2160,18
2161,Zagreb
2162,48
2163,-6%
2164,0%
2165,18
2166,Ankara
2167,43
2168,-15%
2169,-18%
2170,19
2171,Ankara
2172,43
2173,-15%
2174,-18%
2175,19
2176,Winnipeg
2177,MB
2178,48
2179,60%
2180,26%
2181,20
2182,Winnipeg
2183,MB
2184,48
2185,60%
2186,26%
2187,20
2188,Cheltenham
2189,55
2190,-22%
2191,-8%
2192,14
2193,Cheltenham
2194,55
2195,-22%
2196,-8%
2197,14
2198,Montpellier
2199,50
2200,-7%
2201,-3%
2202,15
2203,Montpellier
2204,50
2205,-7%
2206,-3%
2207,15
2208,Concord
2209,CA
2210,54
2211,35%
2212,0%
2213,18
2214,Concord
2215,CA
2216,54
2217,35%
2218,0%
2219,18
2220,Exeter
2221,54
2222,-24%
2223,-4%
2224,16
2225,Exeter
2226,54
2227,-24%
2228,-4%
2229,16
2230,The
2231,Hague
2232,46
2233,30%
2234,-14%
2235,18
2236,The
2237,Hague
2238,46
2239,30%
2240,-14%
2241,18
2242,Bursa
2243,44
2244,-46%
2245,-6%
2246,18
2247,Bursa
2248,44
2249,-46%
2250,-6%
2251,18
2252,Stoke-on-Trent
2253,50
2254,23%
2255,-16%
2256,18
2257,Stoke-on-Trent
2258,50
2259,23%
2260,-16%
2261,18
2262,Pau
2263,54
2264,-13%
2265,38%
2266,14
2267,Pau
2268,54
2269,-13%
2270,38%
2271,14
2272,Worcester
2273,54
2274,13%
2275,-2%
2276,19
2277,Worcester
2278,54
2279,13%
2280,-2%
2281,19
2282,Lille
2283,50
2284,-20%
2285,-46%
2286,14
2287,Lille
2288,50
2289,-20%
2290,-46%
2291,14
2292,Lecco
2293,58
2294,-30%
2295,28%
2296,15
2297,Lecco
2298,58
2299,-30%
2300,28%
2301,15
2302,Esenyurt
2303,50
2304,-10%
2305,23%
2306,15
2307,Esenyurt
2308,50
2309,-10%
2310,23%
2311,15
2312,Auckland
2313,43
2314,-10%
2315,-14%
2316,19
2317,Auckland
2318,43
2319,-10%
2320,-14%
2321,19
2322,Perth
2323,42
2324,0%
2325,24%
2326,21
2327,Perth
2328,42
2329,0%
2330,24%
2331,21
2332,Tallinn
2333,47
2334,-4%
2335,0%
2336,21
2337,Tallinn
2338,47
2339,-4%
2340,0%
2341,21
2342,Leipzig
2343,46
2344,14%
2345,38%
2346,16
2347,Leipzig
2348,46
2349,14%
2350,38%
2351,16
2352,Providence
2353,RI
2354,42
2355,11%
2356,-40%
2357,14
2358,Providence
2359,RI
2360,42
2361,11%
2362,-40%
2363,14
2364,Brescia
2365,49
2366,-4%
2367,0%
2368,14
2369,Brescia
2370,49
2371,-4%
2372,0%
2373,14
2374,Anglet
2375,56
2376,11%
2377,0%
2378,14
2379,Anglet
2380,56
2381,11%
2382,0%
2383,14
2384,Las
2385,Vegas
2386,NV
2387,41
2388,46%
2389,155%
2390,19
2391,Las
2392,Vegas
2393,NV
2394,41
2395,46%
2396,155%
2397,19
2398,Toulouse
2399,44
2400,17%
2401,-22%
2402,17
2403,Toulouse
2404,44
2405,17%
2406,-22%
2407,17
2408,Bergamo
2409,50
2410,15%
2411,0%
2412,11
2413,Bergamo
2414,50
2415,15%
2416,0%
2417,11
2418,Hove
2419,52
2420,32%
2421,3%
2422,0
2423,Hove
2424,52
2425,32%
2426,3%
2427,0
2428,Nashville
2429,TN
2430,41
2431,155%
2432,13%
2433,21
2434,Nashville
2435,TN
2436,41
2437,155%
2438,13%
2439,21
2440,Chesterfield
2441,50
2442,12%
2443,10%
2444,17
2445,Chesterfield
2446,50
2447,12%
2448,10%
2449,17
2450,Port
2451,Elizabeth
2452,42
2453,2%
2454,68%
2455,19
2456,Port
2457,Elizabeth
2458,42
2459,2%
2460,68%
2461,19
2462,Stockholm
2463,42
2464,11%
2465,-11%
2466,17
2467,Stockholm
2468,42
2469,11%
2470,-11%
2471,17
2472,Trapani
2473,52
2474,8%
2475,-19%
2476,15
2477,Trapani
2478,52
2479,8%
2480,-19%
2481,15
2482,Graz
2483,46
2484,-17%
2485,23%
2486,15
2487,Graz
2488,46
2489,-17%
2490,23%
2491,15
2492,Derby
2493,46
2494,47%
2495,-25%
2496,16
2497,Derby
2498,46
2499,47%
2500,-25%
2501,16
2502,Villefranche-sur-Saone
2503,54
2504,17%
2505,86%
2506,16
2507,Villefranche-sur-Saone
2508,54
2509,17%
2510,86%
2511,16
2512,Pretoria
2513,42
2514,11%
2515,-35%
2516,13
2517,Pretoria
2518,42
2519,11%
2520,-35%
2521,13
2522,Basel
2523,44
2524,6%
2525,64%
2526,16
2527,Basel
2528,44
2529,6%
2530,64%
2531,16
2532,Nantes
2533,43
2534,8%
2535,-30%
2536,16
2537,Nantes
2538,43
2539,8%
2540,-30%
2541,16
2542,Darmstadt
2543,47
2544,26%
2545,30%
2546,16
2547,Darmstadt
2548,47
2549,26%
2550,30%
2551,16
2552,Toluca
2553,38
2554,28%
2555,-47%
2556,15
2557,Toluca
2558,38
2559,28%
2560,-47%
2561,15
2562,Gold
2563,Coast
2564,42
2565,24%
2566,24%
2567,19
2568,Gold
2569,Coast
2570,42
2571,24%
2572,24%
2573,19
2574,Waterford
2575,52
2576,61%
2577,-19%
2578,16
2579,Waterford
2580,52
2581,61%
2582,-19%
2583,16
2584,Bellinzona
2585,56
2586,6%
2587,41%
2588,16
2589,Bellinzona
2590,56
2591,6%
2592,41%
2593,16
2594,Gaziantep
2595,40
2596,4%
2597,41%
2598,14
2599,Gaziantep
2600,40
2601,4%
2602,41%
2603,14
2604,Izmir
2605,37
2606,-11%
2607,49%
2608,17
2609,Izmir
2610,37
2611,-11%
2612,49%
2613,17
2614,Doncaster
2615,43
2616,20%
2617,-12%
2618,19
2619,Doncaster
2620,43
2621,20%
2622,-12%
2623,19
2624,Newcastle
2625,43
2626,-18%
2627,5%
2628,18
2629,Newcastle
2630,43
2631,-18%
2632,5%
2633,18
2634,Riga
2635,41
2636,10%
2637,0%
2638,22
2639,Riga
2640,41
2641,10%
2642,0%
2643,22
2644,Padua
2645,44
2646,-11%
2647,0%
2648,15
2649,Padua
2650,44
2651,-11%
2652,0%
2653,15
2654,Norwich
2655,46
2656,20%
2657,-19%
2658,17
2659,Norwich
2660,46
2661,20%
2662,-19%
2663,17
2664,Ipswich
2665,46
2666,20%
2667,4%
2668,17
2669,Ipswich
2670,46
2671,20%
2672,4%
2673,17
2674,Adana
2675,38
2676,-11%
2677,28%
2678,16
2679,Adana
2680,38
2681,-11%
2682,28%
2683,16
2684,Adelaide
2685,38
2686,4%
2687,16%
2688,20
2689,Adelaide
2690,38
2691,4%
2692,16%
2693,20
2694,Vienna
2695,37
2696,-7%
2697,-9%
2698,17
2699,Vienna
2700,37
2701,-7%
2702,-9%
2703,17
2704,Freiburg
2705,43
2706,8%
2707,23%
2708,15
2709,Freiburg
2710,43
2711,8%
2712,23%
2713,15
2714,Cologne
2715,38
2716,-9%
2717,-6%
2718,17
2719,Cologne
2720,38
2721,-9%
2722,-6%
2723,17
2724,Dundalk
2725,48
2726,12%
2727,41%
2728,17
2729,Dundalk
2730,48
2731,12%
2732,41%
2733,17
2734,Bratislava
2735,41
2736,-30%
2737,-58%
2738,19
2739,Bratislava
2740,41
2741,-30%
2742,-58%
2743,19
2744,Erzurum
2745,41
2746,0%
2747,17%
2748,17
2749,Erzurum
2750,41
2751,0%
2752,17%
2753,17
2754,Sacramento
2755,CA
2756,36
2757,44%
2758,-44%
2759,17
2760,Sacramento
2761,CA
2762,36
2763,44%
2764,-44%
2765,17
2766,Newry
2767,52
2768,20%
2769,1%
2770,18
2771,Newry
2772,52
2773,20%
2774,1%
2775,18
2776,Brisbane
2777,36
2778,16%
2779,24%
2780,20
2781,Brisbane
2782,36
2783,16%
2784,24%
2785,20
2786,Colchester
2787,43
2788,0%
2789,-4%
2790,18
2791,Colchester
2792,43
2793,0%
2794,-4%
2795,18
2796,Tijuana
2797,37
2798,28%
2799,9%
2800,19
2801,Tijuana
2802,37
2803,28%
2804,9%
2805,19
2806,Bremen
2807,40
2808,7%
2809,7%
2810,16
2811,Bremen
2812,40
2813,7%
2814,7%
2815,16
2816,La
2817,Roche-sur-Yon
2818,48
2819,-11%
2820,17%
2821,16
2822,La
2823,Roche-sur-Yon
2824,48
2825,-11%
2826,17%
2827,16
2828,Coventry
2829,41
2830,32%
2831,-11%
2832,18
2833,Coventry
2834,41
2835,32%
2836,-11%
2837,18
2838,Chelmsford
2839,43
2840,-20%
2841,-21%
2842,18
2843,Chelmsford
2844,43
2845,-20%
2846,-21%
2847,18
2848,Nuremberg
2849,40
2850,-3%
2851,-6%
2852,16
2853,Nuremberg
2854,40
2855,-3%
2856,-6%
2857,16
2858,Jakarta
2859,30
2860,7%
2861,-80%
2862,13
2863,Jakarta
2864,30
2865,7%
2866,-80%
2867,13
2868,Surabaya
2869,35
2870,-44%
2871,-3%
2872,15
2873,Surabaya
2874,35
2875,-44%
2876,-3%
2877,15
2878,San
2879,Juan
2880,PR
2881,41
2882,70%
2883,-7%
2884,20
2885,San
2886,Juan
2887,PR
2888,41
2889,70%
2890,-7%
2891,20
2892,Rennes
2893,42
2894,-18%
2895,-35%
2896,15
2897,Rennes
2898,42
2899,-18%
2900,-35%
2901,15
2902,Vicenza
2903,44
2904,-3%
2905,-15%
2906,19
2907,Vicenza
2908,44
2909,-3%
2910,-15%
2911,19
2912,Arnhem
2913,43
2914,8%
2915,5%
2916,19
2917,Arnhem
2918,43
2919,8%
2920,5%
2921,19
2922,Lorient
2923,46
2924,-21%
2925,57%
2926,14
2927,Lorient
2928,46
2929,-21%
2930,57%
2931,14
2932,Dijon
2933,42
2934,-14%
2935,83%
2936,16
2937,Dijon
2938,42
2939,-14%
2940,83%
2941,16
2942,Liège
2943,40
2944,-31%
2945,-12%
2946,15
2947,Liège
2948,40
2949,-31%
2950,-12%
2951,15
2952,Hamilton
2953,42
2954,-26%
2955,5%
2956,18
2957,Hamilton
2958,42
2959,-26%
2960,5%
2961,18
2962,Dresden
2963,38
2964,-6%
2965,24%
2966,16
2967,Dresden
2968,38
2969,-6%
2970,24%
2971,16
2972,Durham
2973,47
2974,17%
2975,-25%
2976,18
2977,Durham
2978,47
2979,17%
2980,-25%
2981,18
2982,Lübeck
2983,41
2984,7%
2985,13%
2986,16
2987,Lübeck
2988,41
2989,7%
2990,13%
2991,16
2992,Newcastle
2993,upon
2994,Tyne
2995,40
2996,24%
2997,-31%
2998,19
2999,Newcastle
3000,upon
3001,Tyne
3002,40
3003,24%
3004,-31%
3005,19
3006,Eastbourne
3007,43
3008,-17%
3009,17%
3010,14
3011,Eastbourne
3012,43
3013,-17%
3014,17%
3015,14
3016,Pavia
3017,44
3018,-8%
3019,-1%
3020,15
3021,Pavia
3022,44
3023,-8%
3024,-1%
3025,15
3026,Amiens
3027,42
3028,-19%
3029,100%
3030,14
3031,Amiens
3032,42
3033,-19%
3034,100%
3035,14
3036,Stuttgart
3037,37
3038,-5%
3039,-11%
3040,18
3041,Stuttgart
3042,37
3043,-5%
3044,-11%
3045,18
3046,Porto
3047,Alegre
3048,35
3049,45%
3050,-30%
3051,18
3052,Porto
3053,Alegre
3054,35
3055,45%
3056,-30%
3057,18
3058,Pittsburgh
3059,PA
3060,34
3061,87%
3062,-4%
3063,19
3064,Pittsburgh
3065,PA
3066,34
3067,87%
3068,-4%
3069,19
3070,Lucca
3071,43
3072,-4%
3073,-31%
3074,18
3075,Lucca
3076,43
3077,-4%
3078,-31%
3079,18
3080,Nijmegen
3081,41
3082,-28%
3083,-22%
3084,16
3085,Nijmegen
3086,41
3087,-28%
3088,-22%
3089,16
3090,Reading
3091,41
3092,17%
3093,-39%
3094,15
3095,Reading
3096,41
3097,17%
3098,-39%
3099,15
3100,Varese
3101,43
3102,-27%
3103,0%
3104,14
3105,Varese
3106,43
3107,-27%
3108,0%
3109,14
3110,Bolzano
3111,42
3112,-38%
3113,-7%
3114,18
3115,Bolzano
3116,42
3117,-38%
3118,-7%
3119,18
3120,Porto
3121,40
3122,32%
3123,-40%
3124,0
3125,Porto
3126,40
3127,32%
3128,-40%
3129,0
3130,Gdansk
3131,37
3132,20%
3133,-28%
3134,0
3135,Gdansk
3136,37
3137,20%
3138,-28%
3139,0
3140,Orléans
3141,40
3142,-37%
3143,72%
3144,16
3145,Orléans
3146,40
3147,-37%
3148,72%
3149,16
3150,Brest
3151,41
3152,-7%
3153,36%
3154,17
3155,Kassel
3156,40
3157,20%
3158,28%
3159,17
3160,Gloucester
3161,41
3162,-9%
3163,13%
3164,18
3165,San
3166,Antonio
3167,TX
3168,32
3169,41%
3170,-17%
3171,18
3172,Namur
3173,41
3174,-3%
3175,-45%
3176,16
3177,Luton
3178,38
3179,32%
3180,7%
3181,16
3182,Niort
3183,41
3184,-7%
3185,115%
3186,15
3187,Preston
3188,37
3189,49%
3190,16%
3191,17
3192,Pforzheim
3193,40
3194,-10%
3195,16%
3196,16
3197,Reggio
3198,Emilia
3199,38
3200,10%
3201,-18%
3202,18
3203,Milwaukee
3204,WI
3205,32
3206,47%
3207,-30%
3208,19
3209,Szombathely
3210,41
3211,2%
3212,77%
3213,18
3214,Pietermaritzburg
3215,37
3216,13%
3217,33%
3218,16
3219,Aubagne
3220,40
3221,-16%
3222,20%
3223,18
3224,Mans
3225,(Le)
3226,38
3227,-11%
3228,16%
3229,16
3230,Aberdeen
3231,37
3232,1%
3233,-21%
3234,18
3235,Lincoln
3236,40
3237,16%
3238,-52%
3239,14
3240,Blackpool
3241,38
3242,32%
3243,83%
3244,0
3245,Antalya
3246,34
3247,5%
3248,-30%
3249,16
3250,Hertford
3251,Harlow
3252,32
3253,54%
3254,25%
3255,0
3256,Barnstaple
3257,46
3258,17%
3259,-24%
3260,18
3261,Avignon
3262,40
3263,2%
3264,0%
3265,19
3266,Perpignan
3267,38
3268,-9%
3269,54%
3270,22
3271,Annecy
3272,38
3273,-13%
3274,-15%
3275,18
3276,East
3277,London
3278,36
3279,20%
3280,71%
3281,17
3282,Tampa
3283,FL
3284,30
3285,43%
3286,-9%
3287,24
3288,Bologna
3289,35
3290,-1%
3291,-50%
3292,16
3293,Beauvais
3294,40
3295,-6%
3296,4%
3297,17
3298,Chartres
3299,40
3300,-3%
3301,-41%
3302,16
3303,Glasgow
3304,31
3305,11%
3306,-28%
3307,14
3308,Burton
3309,upon
3310,Trent
3311,40
3312,16%
3313,-12%
3314,17
3315,Colmar
3316,40
3317,-14%
3318,133%
3319,17
3320,Reims
3321,36
3322,-3%
3323,-12%
3324,16
3325,Mons
3326,38
3327,-11%
3328,-26%
3329,19
3330,Lausanne
3331,37
3332,9%
3333,0%
3334,19
3335,Groningen
3336,36
3337,29%
3338,-12%
3339,17
3340,Ingolstadt
3341,37
3342,20%
3343,24%
3344,19
3345,Fréjus
3346,38
3347,-13%
3348,42%
3349,17
3350,Aylesbury
3351,40
3352,-33%
3353,-51%
3354,15
3355,Metz
3356,36
3357,-18%
3358,29%
3359,18
3360,Christchurch
3361,34
3362,8%
3363,2%
3364,20
3365,Samsun
3366,32
3367,-15%
3368,103%
3369,16
3370,Mansfield
3371,37
3372,38%
3373,9%
3374,19
3375,Magdeburg
3376,35
3377,29%
3378,39%
3379,16
3380,Amersfoort
3381,36
3382,-5%
3383,24%
3384,17
3385,Northampton
3386,35
3387,12%
3388,16%
3389,19
3390,Eindhoven
3391,35
3392,-33%
3393,-33%
3394,18
3395,Limoges
3396,36
3397,-12%
3398,16%
3399,16
3400,Tilburg
3401,35
3402,-26%
3403,-24%
3404,18
3405,Katowice
3406,34
3407,-4%
3408,16%
3409,18
3410,Melun
3411,37
3412,-19%
3413,-40%
3414,18
3415,Braintree
3416,40
3417,58%
3418,-27%
3419,16
3420,Hartford
3421,CT
3422,30
3423,43%
3424,-51%
3425,17
3426,Rovereto
3427,40
3428,-3%
3429,47%
3430,20
3431,Ciudad
3432,Real
3433,37
3434,-13%
3435,77%
3436,14
3437,Oslo
3438,31
3439,64%
3440,-11%
3441,19
3442,Brno
3443,32
3444,-10%
3445,0%
3446,19
3447,Aschaffenburg
3448,37
3449,38%
3450,55%
3451,18
3452,Regensburg
3453,35
3454,24%
3455,20%
3456,16
3457,Hemel
3458,Hempstead
3459,36
3460,13%
3461,-37%
3462,16
3463,Aix-en-Provence
3464,35
3465,24%
3466,-19%
3467,18
3468,Portsmouth
3469,34
3470,16%
3471,20%
3472,18
3473,Bonn
3474,32
3475,-12%
3476,-7%
3477,17
3478,Singapore
3479,26
3480,10%
3481,-34%
3482,19
3483,Thessaloniki
3484,32
3485,47%
3486,-36%
3487,0
3488,Heilbronn
3489,35
3490,29%
3491,12%
3492,17
3493,Talavera
3494,de
3495,la
3496,Reina
3497,36
3498,-5%
3499,71%
3500,15
3501,Valencia
3502,30
3503,7%
3504,0%
3505,17
3506,Ljubljana
3507,32
3508,-15%
3509,54%
3510,18
3511,Ruhrgebiet
3512,26
3513,-15%
3514,-9%
3515,17
3516,Kidderminster
3517,37
3518,-2%
3519,-19%
3520,17
3521,Phoenix
3522,AZ
3523,26
3524,26%
3525,-29%
3526,20
3527,Le
3528,Havre
3529,34
3530,2%
3531,0%
3532,13
3533,Palma
3534,de
3535,Mallorca
3536,31
3537,-22%
3538,-35%
3539,17
3540,Geelong
3541,32
3542,-10%
3543,80%
3544,20
3545,Darlington
3546,35
3547,-24%
3548,-23%
3549,18
3550,Chemnitz
3551,32
3552,-17%
3553,12%
3554,15
3555,Olbia
3556,37
3557,9%
3558,148%
3559,19
3560,Vichy
3561,40
3562,4%
3563,32%
3564,16
3565,Kaiserslautern
3566,35
3567,39%
3568,93%
3569,17
3570,Dusseldorf
3571,30
3572,-30%
3573,-40%
3574,18
3575,Ceské
3576,Budejovice
3577,35
3578,-8%
3579,-17%
3580,17
3581,Minneapolis
3582,MN
3583,26
3584,47%
3585,-49%
3586,17
3587,Viareggio
3588,36
3589,-10%
3590,64%
3591,18
3592,Swindon
3593,32
3594,41%
3595,12%
3596,21
3597,Salerno
3598,34
3599,5%
3600,-33%
3601,15
3602,Madrid
3603,26
3604,-32%
3605,-63%
3606,16
3607,Sarzana
3608,40
3609,4%
3610,37%
3611,17
3612,Hanover
3613,30
3614,-19%
3615,-25%
3616,17
3617,Sarasota/Bradenton
3618,FL
3619,36
3620,29%
3621,38%
3622,0
3623,La
3624,Rochelle
3625,35
3626,-15%
3627,20%
3628,16
3629,Maastricht
3630,34
3631,-12%
3632,-7%
3633,19
3634,Terni
3635,34
3636,-22%
3637,-7%
3638,18
3639,Laval
3640,36
3641,-8%
3642,29%
3643,19
3644,Alkmaar
3645,34
3646,-22%
3647,-24%
3648,20
3649,Mönchengladbach
3650,31
3651,-16%
3652,-5%
3653,16
3654,Szeged
3655,32
3656,-2%
3657,25%
3658,15
3659,Piacenza
3660,34
3661,-12%
3662,77%
3663,17
3664,Etimesgut
3665,30
3666,-27%
3667,3%
3668,22
3669,Pardubice
3670,34
3671,-34%
3672,8%
3673,16
3674,Brest
3675,41
3676,-7%
3677,36%
3678,17
3679,Brest
3680,41
3681,-7%
3682,36%
3683,17
3684,Kassel
3685,40
3686,20%
3687,28%
3688,17
3689,Kassel
3690,40
3691,20%
3692,28%
3693,17
3694,Gloucester
3695,41
3696,-9%
3697,13%
3698,18
3699,Gloucester
3700,41
3701,-9%
3702,13%
3703,18
3704,San
3705,Antonio
3706,TX
3707,32
3708,41%
3709,-17%
3710,18
3711,San
3712,Antonio
3713,TX
3714,32
3715,41%
3716,-17%
3717,18
3718,Namur
3719,41
3720,-3%
3721,-45%
3722,16
3723,Namur
3724,41
3725,-3%
3726,-45%
3727,16
3728,Luton
3729,38
3730,32%
3731,7%
3732,16
3733,Luton
3734,38
3735,32%
3736,7%
3737,16
3738,Niort
3739,41
3740,-7%
3741,115%
3742,15
3743,Niort
3744,41
3745,-7%
3746,115%
3747,15
3748,Preston
3749,37
3750,49%
3751,16%
3752,17
3753,Preston
3754,37
3755,49%
3756,16%
3757,17
3758,Pforzheim
3759,40
3760,-10%
3761,16%
3762,16
3763,Pforzheim
3764,40
3765,-10%
3766,16%
3767,16
3768,Reggio
3769,Emilia
3770,38
3771,10%
3772,-18%
3773,18
3774,Reggio
3775,Emilia
3776,38
3777,10%
3778,-18%
3779,18
3780,Milwaukee
3781,WI
3782,32
3783,47%
3784,-30%
3785,19
3786,Milwaukee
3787,WI
3788,32
3789,47%
3790,-30%
3791,19
3792,Szombathely
3793,41
3794,2%
3795,77%
3796,18
3797,Szombathely
3798,41
3799,2%
3800,77%
3801,18
3802,Pietermaritzburg
3803,37
3804,13%
3805,33%
3806,16
3807,Pietermaritzburg
3808,37
3809,13%
3810,33%
3811,16
3812,Aubagne
3813,40
3814,-16%
3815,20%
3816,18
3817,Aubagne
3818,40
3819,-16%
3820,20%
3821,18
3822,Mans
3823,(Le)
3824,38
3825,-11%
3826,16%
3827,16
3828,Mans
3829,(Le)
3830,38
3831,-11%
3832,16%
3833,16
3834,Aberdeen
3835,37
3836,1%
3837,-21%
3838,18
3839,Aberdeen
3840,37
3841,1%
3842,-21%
3843,18
3844,Lincoln
3845,40
3846,16%
3847,-52%
3848,14
3849,Lincoln
3850,40
3851,16%
3852,-52%
3853,14
3854,Blackpool
3855,38
3856,32%
3857,83%
3858,0
3859,Blackpool
3860,38
3861,32%
3862,83%
3863,0
3864,Antalya
3865,34
3866,5%
3867,-30%
3868,16
3869,Antalya
3870,34
3871,5%
3872,-30%
3873,16
3874,Hertford
3875,Harlow
3876,32
3877,54%
3878,25%
3879,0
3880,Hertford
3881,Harlow
3882,32
3883,54%
3884,25%
3885,0
3886,Barnstaple
3887,46
3888,17%
3889,-24%
3890,18
3891,Barnstaple
3892,46
3893,17%
3894,-24%
3895,18
3896,Avignon
3897,40
3898,2%
3899,0%
3900,19
3901,Avignon
3902,40
3903,2%
3904,0%
3905,19
3906,Perpignan
3907,38
3908,-9%
3909,54%
3910,22
3911,Perpignan
3912,38
3913,-9%
3914,54%
3915,22
3916,Annecy
3917,38
3918,-13%
3919,-15%
3920,18
3921,Annecy
3922,38
3923,-13%
3924,-15%
3925,18
3926,East
3927,London
3928,36
3929,20%
3930,71%
3931,17
3932,East
3933,London
3934,36
3935,20%
3936,71%
3937,17
3938,Tampa
3939,FL
3940,30
3941,43%
3942,-9%
3943,24
3944,Tampa
3945,FL
3946,30
3947,43%
3948,-9%
3949,24
3950,Bologna
3951,35
3952,-1%
3953,-50%
3954,16
3955,Bologna
3956,35
3957,-1%
3958,-50%
3959,16
3960,Beauvais
3961,40
3962,-6%
3963,4%
3964,17
3965,Beauvais
3966,40
3967,-6%
3968,4%
3969,17
3970,Chartres
3971,40
3972,-3%
3973,-41%
3974,16
3975,Chartres
3976,40
3977,-3%
3978,-41%
3979,16
3980,Glasgow
3981,31
3982,11%
3983,-28%
3984,14
3985,Glasgow
3986,31
3987,11%
3988,-28%
3989,14
3990,Burton
3991,upon
3992,Trent
3993,40
3994,16%
3995,-12%
3996,17
3997,Burton
3998,upon
3999,Trent
4000,40
4001,16%
4002,-12%
4003,17
4004,Colmar
4005,40
4006,-14%
4007,133%
4008,17
4009,Colmar
4010,40
4011,-14%
4012,133%
4013,17
4014,Reims
4015,36
4016,-3%
4017,-12%
4018,16
4019,Reims
4020,36
4021,-3%
4022,-12%
4023,16
4024,Mons
4025,38
4026,-11%
4027,-26%
4028,19
4029,Mons
4030,38
4031,-11%
4032,-26%
4033,19
4034,Lausanne
4035,37
4036,9%
4037,0%
4038,19
4039,Lausanne
4040,37
4041,9%
4042,0%
4043,19
4044,Groningen
4045,36
4046,29%
4047,-12%
4048,17
4049,Groningen
4050,36
4051,29%
4052,-12%
4053,17
4054,Ingolstadt
4055,37
4056,20%
4057,24%
4058,19
4059,Ingolstadt
4060,37
4061,20%
4062,24%
4063,19
4064,Fréjus
4065,38
4066,-13%
4067,42%
4068,17
4069,Fréjus
4070,38
4071,-13%
4072,42%
4073,17
4074,Aylesbury
4075,40
4076,-33%
4077,-51%
4078,15
4079,Aylesbury
4080,40
4081,-33%
4082,-51%
4083,15
4084,Metz
4085,36
4086,-18%
4087,29%
4088,18
4089,Metz
4090,36
4091,-18%
4092,29%
4093,18
4094,Christchurch
4095,34
4096,8%
4097,2%
4098,20
4099,Christchurch
4100,34
4101,8%
4102,2%
4103,20
4104,Samsun
4105,32
4106,-15%
4107,103%
4108,16
4109,Samsun
4110,32
4111,-15%
4112,103%
4113,16
4114,Mansfield
4115,37
4116,38%
4117,9%
4118,19
4119,Mansfield
4120,37
4121,38%
4122,9%
4123,19
4124,Magdeburg
4125,35
4126,29%
4127,39%
4128,16
4129,Magdeburg
4130,35
4131,29%
4132,39%
4133,16
4134,Amersfoort
4135,36
4136,-5%
4137,24%
4138,17
4139,Amersfoort
4140,36
4141,-5%
4142,24%
4143,17
4144,Northampton
4145,35
4146,12%
4147,16%
4148,19
4149,Northampton
4150,35
4151,12%
4152,16%
4153,19
4154,Eindhoven
4155,35
4156,-33%
4157,-33%
4158,18
4159,Eindhoven
4160,35
4161,-33%
4162,-33%
4163,18
4164,Limoges
4165,36
4166,-12%
4167,16%
4168,16
4169,Limoges
4170,36
4171,-12%
4172,16%
4173,16
4174,Tilburg
4175,35
4176,-26%
4177,-24%
4178,18
4179,Tilburg
4180,35
4181,-26%
4182,-24%
4183,18
4184,Katowice
4185,34
4186,-4%
4187,16%
4188,18
4189,Katowice
4190,34
4191,-4%
4192,16%
4193,18
4194,Melun
4195,37
4196,-19%
4197,-40%
4198,18
4199,Melun
4200,37
4201,-19%
4202,-40%
4203,18
4204,Braintree
4205,40
4206,58%
4207,-27%
4208,16
4209,Braintree
4210,40
4211,58%
4212,-27%
4213,16
4214,Hartford
4215,CT
4216,30
4217,43%
4218,-51%
4219,17
4220,Hartford
4221,CT
4222,30
4223,43%
4224,-51%
4225,17
4226,Rovereto
4227,40
4228,-3%
4229,47%
4230,20
4231,Rovereto
4232,40
4233,-3%
4234,47%
4235,20
4236,Ciudad
4237,Real
4238,37
4239,-13%
4240,77%
4241,14
4242,Ciudad
4243,Real
4244,37
4245,-13%
4246,77%
4247,14
4248,Oslo
4249,31
4250,64%
4251,-11%
4252,19
4253,Oslo
4254,31
4255,64%
4256,-11%
4257,19
4258,Brno
4259,32
4260,-10%
4261,0%
4262,19
4263,Brno
4264,32
4265,-10%
4266,0%
4267,19
4268,Aschaffenburg
4269,37
4270,38%
4271,55%
4272,18
4273,Aschaffenburg
4274,37
4275,38%
4276,55%
4277,18
4278,Regensburg
4279,35
4280,24%
4281,20%
4282,16
4283,Regensburg
4284,35
4285,24%
4286,20%
4287,16
4288,Hemel
4289,Hempstead
4290,36
4291,13%
4292,-37%
4293,16
4294,Hemel
4295,Hempstead
4296,36
4297,13%
4298,-37%
4299,16
4300,Aix-en-Provence
4301,35
4302,24%
4303,-19%
4304,18
4305,Aix-en-Provence
4306,35
4307,24%
4308,-19%
4309,18
4310,Portsmouth
4311,34
4312,16%
4313,20%
4314,18
4315,Portsmouth
4316,34
4317,16%
4318,20%
4319,18
4320,Bonn
4321,32
4322,-12%
4323,-7%
4324,17
4325,Bonn
4326,32
4327,-12%
4328,-7%
4329,17
4330,Singapore
4331,26
4332,10%
4333,-34%
4334,19
4335,Singapore
4336,26
4337,10%
4338,-34%
4339,19
4340,Thessaloniki
4341,32
4342,47%
4343,-36%
4344,0
4345,Thessaloniki
4346,32
4347,47%
4348,-36%
4349,0
4350,Heilbronn
4351,35
4352,29%
4353,12%
4354,17
4355,Heilbronn
4356,35
4357,29%
4358,12%
4359,17
4360,Talavera
4361,de
4362,la
4363,Reina
4364,36
4365,-5%
4366,71%
4367,15
4368,Talavera
4369,de
4370,la
4371,Reina
4372,36
4373,-5%
4374,71%
4375,15
4376,Valencia
4377,30
4378,7%
4379,0%
4380,17
4381,Valencia
4382,30
4383,7%
4384,0%
4385,17
4386,Ljubljana
4387,32
4388,-15%
4389,54%
4390,18
4391,Ljubljana
4392,32
4393,-15%
4394,54%
4395,18
4396,Ruhrgebiet
4397,26
4398,-15%
4399,-9%
4400,17
4401,Ruhrgebiet
4402,26
4403,-15%
4404,-9%
4405,17
4406,Kidderminster
4407,37
4408,-2%
4409,-19%
4410,17
4411,Kidderminster
4412,37
4413,-2%
4414,-19%
4415,17
4416,Phoenix
4417,AZ
4418,26
4419,26%
4420,-29%
4421,20
4422,Phoenix
4423,AZ
4424,26
4425,26%
4426,-29%
4427,20
4428,Le
4429,Havre
4430,34
4431,2%
4432,0%
4433,13
4434,Le
4435,Havre
4436,34
4437,2%
4438,0%
4439,13
4440,Palma
4441,de
4442,Mallorca
4443,31
4444,-22%
4445,-35%
4446,17
4447,Palma
4448,de
4449,Mallorca
4450,31
4451,-22%
4452,-35%
4453,17
4454,Geelong
4455,32
4456,-10%
4457,80%
4458,20
4459,Geelong
4460,32
4461,-10%
4462,80%
4463,20
4464,Darlington
4465,35
4466,-24%
4467,-23%
4468,18
4469,Darlington
4470,35
4471,-24%
4472,-23%
4473,18
4474,Chemnitz
4475,32
4476,-17%
4477,12%
4478,15
4479,Chemnitz
4480,32
4481,-17%
4482,12%
4483,15
4484,Olbia
4485,37
4486,9%
4487,148%
4488,19
4489,Olbia
4490,37
4491,9%
4492,148%
4493,19
4494,Vichy
4495,40
4496,4%
4497,32%
4498,16
4499,Vichy
4500,40
4501,4%
4502,32%
4503,16
4504,Kaiserslautern
4505,35
4506,39%
4507,93%
4508,17
4509,Kaiserslautern
4510,35
4511,39%
4512,93%
4513,17
4514,Dusseldorf
4515,30
4516,-30%
4517,-40%
4518,18
4519,Dusseldorf
4520,30
4521,-30%
4522,-40%
4523,18
4524,Ceské
4525,Budejovice
4526,35
4527,-8%
4528,-17%
4529,17
4530,Ceské
4531,Budejovice
4532,35
4533,-8%
4534,-17%
4535,17
4536,Minneapolis
4537,MN
4538,26
4539,47%
4540,-49%
4541,17
4542,Minneapolis
4543,MN
4544,26
4545,47%
4546,-49%
4547,17
4548,Viareggio
4549,36
4550,-10%
4551,64%
4552,18
4553,Viareggio
4554,36
4555,-10%
4556,64%
4557,18
4558,Swindon
4559,32
4560,41%
4561,12%
4562,21
4563,Swindon
4564,32
4565,41%
4566,12%
4567,21
4568,Salerno
4569,34
4570,5%
4571,-33%
4572,15
4573,Salerno
4574,34
4575,5%
4576,-33%
4577,15
4578,Madrid
4579,26
4580,-32%
4581,-63%
4582,16
4583,Madrid
4584,26
4585,-32%
4586,-63%
4587,16
4588,Sarzana
4589,40
4590,4%
4591,37%
4592,17
4593,Sarzana
4594,40
4595,4%
4596,37%
4597,17
4598,Hanover
4599,30
4600,-19%
4601,-25%
4602,17
4603,Hanover
4604,30
4605,-19%
4606,-25%
4607,17
4608,Sarasota/Bradenton
4609,FL
4610,36
4611,29%
4612,38%
4613,0
4614,Sarasota/Bradenton
4615,FL
4616,36
4617,29%
4618,38%
4619,0
4620,La
4621,Rochelle
4622,35
4623,-15%
4624,20%
4625,16
4626,La
4627,Rochelle
4628,35
4629,-15%
4630,20%
4631,16
4632,Maastricht
4633,34
4634,-12%
4635,-7%
4636,19
4637,Maastricht
4638,34
4639,-12%
4640,-7%
4641,19
4642,Terni
4643,34
4644,-22%
4645,-7%
4646,18
4647,Terni
4648,34
4649,-22%
4650,-7%
4651,18
4652,Laval
4653,36
4654,-8%
4655,29%
4656,19
4657,Laval
4658,36
4659,-8%
4660,29%
4661,19
4662,Alkmaar
4663,34
4664,-22%
4665,-24%
4666,20
4667,Alkmaar
4668,34
4669,-22%
4670,-24%
4671,20
4672,Mönchengladbach
4673,31
4674,-16%
4675,-5%
4676,16
4677,Mönchengladbach
4678,31
4679,-16%
4680,-5%
4681,16
4682,Szeged
4683,32
4684,-2%
4685,25%
4686,15
4687,Szeged
4688,32
4689,-2%
4690,25%
4691,15
4692,Piacenza
4693,34
4694,-12%
4695,77%
4696,17
4697,Piacenza
4698,34
4699,-12%
4700,77%
4701,17
4702,Etimesgut
4703,30
4704,-27%
4705,3%
4706,22
4707,Etimesgut
4708,30
4709,-27%
4710,3%
4711,22
4712,Pardubice
4713,34
4714,-34%
4715,8%
4716,16
4717,Pardubice
4718,34
4719,-34%
4720,8%
4721,16
4722,Kayseri
4723,28
4724,10%
4725,31%
4726,20
4727,Burnley
4728,34
4729,12%
4730,-16%
4731,16
4732,Bishop's
4733,Stortford
4734,36
4735,-22%
4736,-25%
4737,0
4738,Grosseto
4739,34
4740,-14%
4741,77%
4742,18
4743,Winchester
4744,32
4745,71%
4746,-31%
4747,16
4748,Odense
4749,31
4750,4%
4751,-13%
4752,16
4753,Luxembourg
4754,City
4755,32
4756,8%
4757,-28%
4758,15
4759,Baton
4760,Rouge
4761,LA
4762,28
4763,20%
4764,-1%
4765,18
4766,Muret
4767,37
4768,-5%
4769,133%
4770,19
4771,Crawley
4772,32
4773,25%
4774,8%
4775,16
4776,Tarbes
4777,34
4778,-4%
4779,77%
4780,16
4781,Lowestoft
4782,34
4783,-29%
4784,-29%
4785,17
4786,Lucerne
4787,31
4788,8%
4789,30%
4790,16
4791,Kaohsiung
4792,25
4793,-3%
4794,-34%
4795,21
4796,Miskolc
4797,31
4798,8%
4799,95%
4800,18
4801,Rimini
4802,31
4803,-16%
4804,-8%
4805,0
4806,Cairns
4807,31
4808,1%
4809,0%
4810,18
4811,Charlotte
4812,NC
4813,25
4814,48%
4815,-49%
4816,19
4817,Guildford
4818,31
4819,25%
4820,-46%
4821,14
4822,Randers
4823,34
4824,-24%
4825,5%
4826,20
4827,Caen
4828,31
4829,-3%
4830,-24%
4831,19
4832,Farnborough
4833,34
4834,34%
4835,8%
4836,19
4837,Vannes
4838,31
4839,-38%
4840,1%
4841,18
4842,Wellington
4843,30
4844,-14%
4845,-25%
4846,20
4847,Flensburg
4848,32
4849,20%
4850,71%
4851,18
4852,Durban
4853,28
4854,45%
4855,15%
4856,17
4857,Siena
4858,34
4859,-9%
4860,-1%
4861,21
4862,Boulogne-sur-Mer
4863,32
4864,1%
4865,-25%
4866,18
4867,Chester
4868,35
4869,-24%
4870,-43%
4871,17
4872,Framingham
4873,MA
4874,32
4875,25%
4876,-5%
4877,20
4878,Culiacan
4879,26
4880,89%
4881,-31%
4882,18
4883,Salon-de-Provence
4884,34
4885,-9%
4886,46%
4887,16
4888,Drammen
4889,32
4890,1%
4891,35%
4892,18
4893,Swansea
4894,29
4895,3%
4896,-33%
4897,19
4898,Kiel
4899,29
4900,31%
4901,37%
4902,18
4903,Tours
4904,29
4905,7%
4906,37%
4907,18
4908,Bern
4909,29
4910,7%
4911,-20%
4912,17
4913,Zaragoza
4914,26
4915,-9%
4916,-41%
4917,13
4918,Eugene
4919,OR
4920,28
4921,15%
4922,360%
4923,19
4924,Verdun
4925,36
4926,33%
4927,100%
4928,17
4929,Broadstairs
4930,35
4931,20%
4932,9%
4933,0
4934,Peterborough
4935,29
4936,37%
4937,20%
4938,19
4939,Hilo
4940,HI
4941,29
4942,380%
4943,7%
4944,20
4945,Zwickau
4946,28
4947,-51%
4948,-31%
4949,17
4950,Évreux
4951,32
4952,-21%
4953,224%
4954,18
4955,Karlsruhe
4956,28
4957,15%
4958,0%
4959,17
4960,Braga
4961,29
4962,-7%
4963,37%
4964,19
4965,Indianapolis
4966,IN
4967,24
4968,71%
4969,-14%
4970,17
4971,Detroit
4972,MI
4973,23
4974,75%
4975,-44%
4976,25
4977,Çorum
4978,26
4979,-40%
4980,26%
4981,0
4982,Mulhouse
4983,30
4984,-12%
4985,0%
4986,19
4987,Oceanside
4988,CA
4989,29
4990,25%
4991,44%
4992,26
4993,Chalon-sur-Saône
4994,30
4995,0%
4996,114%
4997,20
4998,Manama
4999,29
5000,69%
5001,0%
5002,19
5003,Cagliari
5004,29
5005,-20%
5006,0%
5007,15
5008,Murcia
5009,26
5010,-15%
5011,-15%
5012,17
5013,Kilkenny
5014,34
5015,-4%
5016,-9%
5017,21
5018,Quimper
5019,30
5020,3%
5021,20%
5022,18
5023,Jacksonville
5024,FL
5025,24
5026,33%
5027,-29%
5028,20
5029,Marburg
5030,30
5031,100%
5032,88%
5033,19
5034,Lawrence
5035,MA
5036,30
5037,50%
5038,0%
5039,15
5040,Torrelavega
5041,31
5042,-5%
5043,346%
5044,15
5045,Wuppertal
5046,26
5047,-12%
5048,-2%
5049,16
5050,Étrembières
5051,43
5052,-47%
5053,-18%
5054,14
5055,Dreux
5056,32
5057,20%
5058,224%
5059,18
5060,Birmingham
5061,AL
5062,24
5063,33%
5064,-20%
5065,16
5066,Bloemfontein
5067,25
5068,5%
5069,58%
5070,21
5071,Elazig
5072,26
5073,-2%
5074,-18%
5075,14
5076,Kettering
5077,29
5078,7%
5079,-15%
5080,17
5081,Olomouc
5082,29
5083,-7%
5084,20%
5085,20
5086,Arezzo
5087,29
5088,-42%
5089,-31%
5090,20
5091,Grimsby
5092,32
5093,-23%
5094,16%
5095,14
5096,Santa
5097,Cruz
5098,CA
5099,26
5100,26%
5101,164%
5102,20
5103,Bergen
5104,26
5105,-2%
5106,55%
5107,18
5108,Southport
5109,29
5110,-33%
5111,44%
5112,16
5113,Paderborn
5114,28
5115,20%
5116,38%
5117,18
5118,Offenburg
5119,30
5120,30%
5121,-12%
5122,18
5123,Bridgend
5124,28
5125,6%
5126,-8%
5127,20
5128,Bridgeport
5129,CT
5130,28
5131,15%
5132,0%
5133,20
5134,McAllen
5135,TX
5136,24
5137,71%
5138,167%
5139,24
5140,Abbeville
5141,32
5142,12%
5143,195%
5144,17
5145,Esch-sur-Alzette
5146,31
5147,-22%
5148,64%
5149,18
5150,Elche
5151,26
5152,-9%
5153,15%
5154,18
5155,Fort
5156,Myers
5157,FL
5158,29
5159,31%
5160,15%
5161,28
5162,Palmerston
5163,North
5164,29
5165,-7%
5166,69%
5167,17
5168,Frankfurt
5169,24
5170,-33%
5171,-33%
5172,17
5173,Savannah
5174,GA
5175,25
5176,48%
5177,110%
5178,22
5179,Kortrijk
5180,29
5181,11%
5182,-37%
5183,14
5184,Riyadh
5185,20
5186,46%
5187,46%
5188,22
5189,Inverness
5190,30
5191,0%
5192,-23%
5193,16
5194,Cremona
5195,29
5196,20%
5197,-39%
5198,21
5199,Blackburn
5200,28
5201,-34%
5202,-25%
5203,17
5204,Lat
5205,Krabang
5206,31
5207,42%
5208,42%
5209,17
5210,Ballymena
5211,31
5212,-8%
5213,1%
5214,20
5215,Richmond
5216,VA
5217,23
5218,128%
5219,-21%
5220,22
5221,Turku
5222,26
5223,-6%
5224,-31%
5225,15
5226,Saint-Brieuc
5227,29
5228,25%
5229,106%
5230,19
5231,Roquebrune-Cap-Martin
5232,34
5233,-20%
5234,-30%
5235,0
5236,Augsburg
5237,25
5238,-7%
5239,-3%
5240,19
5241,Horsens
5242,29
5243,-7%
5244,-4%
5245,17
5246,Kayseri
5247,28
5248,10%
5249,31%
5250,20
5251,Burnley
5252,34
5253,12%
5254,-16%
5255,16
5256,Bishop's
5257,Stortford
5258,36
5259,-22%
5260,-25%
5261,0
5262,Grosseto
5263,34
5264,-14%
5265,77%
5266,18
5267,Winchester
5268,32
5269,71%
5270,-31%
5271,16
5272,Odense
5273,31
5274,4%
5275,-13%
5276,16
5277,Luxembourg
5278,City
5279,32
5280,8%
5281,-28%
5282,15
5283,Baton
5284,Rouge
5285,LA
5286,28
5287,20%
5288,-1%
5289,18
5290,Muret
5291,37
5292,-5%
5293,133%
5294,19
5295,Crawley
5296,32
5297,25%
5298,8%
5299,16
5300,Tarbes
5301,34
5302,-4%
5303,77%
5304,16
5305,Lowestoft
5306,34
5307,-29%
5308,-29%
5309,17
5310,Lucerne
5311,31
5312,8%
5313,30%
5314,16
5315,Kaohsiung
5316,25
5317,-3%
5318,-34%
5319,21
5320,Miskolc
5321,31
5322,8%
5323,95%
5324,18
5325,Rimini
5326,31
5327,-16%
5328,-8%
5329,0
5330,Cairns
5331,31
5332,1%
5333,0%
5334,18
5335,Charlotte
5336,NC
5337,25
5338,48%
5339,-49%
5340,19
5341,Guildford
5342,31
5343,25%
5344,-46%
5345,14
5346,Randers
5347,34
5348,-24%
5349,5%
5350,20
5351,Caen
5352,31
5353,-3%
5354,-24%
5355,19
5356,Farnborough
5357,34
5358,34%
5359,8%
5360,19
5361,Vannes
5362,31
5363,-38%
5364,1%
5365,18
5366,Wellington
5367,30
5368,-14%
5369,-25%
5370,20
5371,Flensburg
5372,32
5373,20%
5374,71%
5375,18
5376,Durban
5377,28
5378,45%
5379,15%
5380,17
5381,Siena
5382,34
5383,-9%
5384,-1%
5385,21
5386,Boulogne-sur-Mer
5387,32
5388,1%
5389,-25%
5390,18
5391,Chester
5392,35
5393,-24%
5394,-43%
5395,17
5396,Framingham
5397,MA
5398,32
5399,25%
5400,-5%
5401,20
5402,Culiacan
5403,26
5404,89%
5405,-31%
5406,18
5407,Salon-de-Provence
5408,34
5409,-9%
5410,46%
5411,16
5412,Drammen
5413,32
5414,1%
5415,35%
5416,18
5417,Swansea
5418,29
5419,3%
5420,-33%
5421,19
5422,Kiel
5423,29
5424,31%
5425,37%
5426,18
5427,Tours
5428,29
5429,7%
5430,37%
5431,18
5432,Bern
5433,29
5434,7%
5435,-20%
5436,17
5437,Zaragoza
5438,26
5439,-9%
5440,-41%
5441,13
5442,Eugene
5443,OR
5444,28
5445,15%
5446,360%
5447,19
5448,Verdun
5449,36
5450,33%
5451,100%
5452,17
5453,Broadstairs
5454,35
5455,20%
5456,9%
5457,0
5458,Peterborough
5459,29
5460,37%
5461,20%
5462,19
5463,Hilo
5464,HI
5465,29
5466,380%
5467,7%
5468,20
5469,Zwickau
5470,28
5471,-51%
5472,-31%
5473,17
5474,Évreux
5475,32
5476,-21%
5477,224%
5478,18
5479,Karlsruhe
5480,28
5481,15%
5482,0%
5483,17
5484,Braga
5485,29
5486,-7%
5487,37%
5488,19
5489,Indianapolis
5490,IN
5491,24
5492,71%
5493,-14%
5494,17
5495,Detroit
5496,MI
5497,23
5498,75%
5499,-44%
5500,25
5501,Çorum
5502,26
5503,-40%
5504,26%
5505,0
5506,Mulhouse
5507,30
5508,-12%
5509,0%
5510,19
5511,Oceanside
5512,CA
5513,29
5514,25%
5515,44%
5516,26
5517,Chalon-sur-Saône
5518,30
5519,0%
5520,114%
5521,20
5522,Manama
5523,29
5524,69%
5525,0%
5526,19
5527,Cagliari
5528,29
5529,-20%
5530,0%
5531,15
5532,Murcia
5533,26
5534,-15%
5535,-15%
5536,17
5537,Kilkenny
5538,34
5539,-4%
5540,-9%
5541,21
5542,Quimper
5543,30
5544,3%
5545,20%
5546,18
5547,Jacksonville
5548,FL
5549,24
5550,33%
5551,-29%
5552,20
5553,Marburg
5554,30
5555,100%
5556,88%
5557,19
5558,Lawrence
5559,MA
5560,30
5561,50%
5562,0%
5563,15
5564,Torrelavega
5565,31
5566,-5%
5567,346%
5568,15
5569,Wuppertal
5570,26
5571,-12%
5572,-2%
5573,16
5574,Étrembières
5575,43
5576,-47%
5577,-18%
5578,14
5579,Dreux
5580,32
5581,20%
5582,224%
5583,18
5584,Birmingham
5585,AL
5586,24
5587,33%
5588,-20%
5589,16
5590,Bloemfontein
5591,25
5592,5%
5593,58%
5594,21
5595,Elazig
5596,26
5597,-2%
5598,-18%
5599,14
5600,Kettering
5601,29
5602,7%
5603,-15%
5604,17
5605,Olomouc
5606,29
5607,-7%
5608,20%
5609,20
5610,Arezzo
5611,29
5612,-42%
5613,-31%
5614,20
5615,Grimsby
5616,32
5617,-23%
5618,16%
5619,14
5620,Santa
5621,Cruz
5622,CA
5623,26
5624,26%
5625,164%
5626,20
5627,Bergen
5628,26
5629,-2%
5630,55%
5631,18
5632,Southport
5633,29
5634,-33%
5635,44%
5636,16
5637,Paderborn
5638,28
5639,20%
5640,38%
5641,18
5642,Offenburg
5643,30
5644,30%
5645,-12%
5646,18
5647,Bridgend
5648,28
5649,6%
5650,-8%
5651,20
5652,Bridgeport
5653,CT
5654,28
5655,15%
5656,0%
5657,20
5658,McAllen
5659,TX
5660,24
5661,71%
5662,167%
5663,24
5664,Abbeville
5665,32
5666,12%
5667,195%
5668,17
5669,Esch-sur-Alzette
5670,31
5671,-22%
5672,64%
5673,18
5674,Elche
5675,26
5676,-9%
5677,15%
5678,18
5679,Fort
5680,Myers
5681,FL
5682,29
5683,31%
5684,15%
5685,28
5686,Palmerston
5687,North
5688,29
5689,-7%
5690,69%
5691,17
5692,Frankfurt
5693,24
5694,-33%
5695,-33%
5696,17
5697,Savannah
5698,GA
5699,25
5700,48%
5701,110%
5702,22
5703,Kortrijk
5704,29
5705,11%
5706,-37%
5707,14
5708,Riyadh
5709,20
5710,46%
5711,46%
5712,22
5713,Inverness
5714,30
5715,0%
5716,-23%
5717,16
5718,Cremona
5719,29
5720,20%
5721,-39%
5722,21
5723,Blackburn
5724,28
5725,-34%
5726,-25%
5727,17
5728,Lat
5729,Krabang
5730,31
5731,42%
5732,42%
5733,17
5734,Ballymena
5735,31
5736,-8%
5737,1%
5738,20
5739,Richmond
5740,VA
5741,23
5742,128%
5743,-21%
5744,22
5745,Turku
5746,26
5747,-6%
5748,-31%
5749,15
5750,Saint-Brieuc
5751,29
5752,25%
5753,106%
5754,19
5755,Roquebrune-Cap-Martin
5756,34
5757,-20%
5758,-30%
5759,0
5760,Augsburg
5761,25
5762,-7%
5763,-3%
5764,19
5765,Horsens
5766,29
5767,-7%
5768,-4%
5769,17
5770,Kayseri
5771,28
5772,10%
5773,31%
5774,20
5775,Kayseri
5776,28
5777,10%
5778,31%
5779,20
5780,Burnley
5781,34
5782,12%
5783,-16%
5784,16
5785,Burnley
5786,34
5787,12%
5788,-16%
5789,16
5790,Bishop's
5791,Stortford
5792,36
5793,-22%
5794,-25%
5795,0
5796,Bishop's
5797,Stortford
5798,36
5799,-22%
5800,-25%
5801,0
5802,Grosseto
5803,34
5804,-14%
5805,77%
5806,18
5807,Grosseto
5808,34
5809,-14%
5810,77%
5811,18
5812,Winchester
5813,32
5814,71%
5815,-31%
5816,16
5817,Winchester
5818,32
5819,71%
5820,-31%
5821,16
5822,Odense
5823,31
5824,4%
5825,-13%
5826,16
5827,Odense
5828,31
5829,4%
5830,-13%
5831,16
5832,Luxembourg
5833,City
5834,32
5835,8%
5836,-28%
5837,15
5838,Luxembourg
5839,City
5840,32
5841,8%
5842,-28%
5843,15
5844,Baton
5845,Rouge
5846,LA
5847,28
5848,20%
5849,-1%
5850,18
5851,Baton
5852,Rouge
5853,LA
5854,28
5855,20%
5856,-1%
5857,18
5858,Muret
5859,37
5860,-5%
5861,133%
5862,19
5863,Muret
5864,37
5865,-5%
5866,133%
5867,19
5868,Crawley
5869,32
5870,25%
5871,8%
5872,16
5873,Crawley
5874,32
5875,25%
5876,8%
5877,16
5878,Tarbes
5879,34
5880,-4%
5881,77%
5882,16
5883,Tarbes
5884,34
5885,-4%
5886,77%
5887,16
5888,Lowestoft
5889,34
5890,-29%
5891,-29%
5892,17
5893,Lowestoft
5894,34
5895,-29%
5896,-29%
5897,17
5898,Lucerne
5899,31
5900,8%
5901,30%
5902,16
5903,Lucerne
5904,31
5905,8%
5906,30%
5907,16
5908,Kaohsiung
5909,25
5910,-3%
5911,-34%
5912,21
5913,Kaohsiung
5914,25
5915,-3%
5916,-34%
5917,21
5918,Miskolc
5919,31
5920,8%
5921,95%
5922,18
5923,Miskolc
5924,31
5925,8%
5926,95%
5927,18
5928,Rimini
5929,31
5930,-16%
5931,-8%
5932,0
5933,Rimini
5934,31
5935,-16%
5936,-8%
5937,0
5938,Cairns
5939,31
5940,1%
5941,0%
5942,18
5943,Cairns
5944,31
5945,1%
5946,0%
5947,18
5948,Charlotte
5949,NC
5950,25
5951,48%
5952,-49%
5953,19
5954,Charlotte
5955,NC
5956,25
5957,48%
5958,-49%
5959,19
5960,Guildford
5961,31
5962,25%
5963,-46%
5964,14
5965,Guildford
5966,31
5967,25%
5968,-46%
5969,14
5970,Randers
5971,34
5972,-24%
5973,5%
5974,20
5975,Randers
5976,34
5977,-24%
5978,5%
5979,20
5980,Caen
5981,31
5982,-3%
5983,-24%
5984,19
5985,Caen
5986,31
5987,-3%
5988,-24%
5989,19
5990,Farnborough
5991,34
5992,34%
5993,8%
5994,19
5995,Farnborough
5996,34
5997,34%
5998,8%
5999,19
6000,Vannes
6001,31
6002,-38%
6003,1%
6004,18
6005,Vannes
6006,31
6007,-38%
6008,1%
6009,18
6010,Wellington
6011,30
6012,-14%
6013,-25%
6014,20
6015,Wellington
6016,30
6017,-14%
6018,-25%
6019,20
6020,Flensburg
6021,32
6022,20%
6023,71%
6024,18
6025,Flensburg
6026,32
6027,20%
6028,71%
6029,18
6030,Durban
6031,28
6032,45%
6033,15%
6034,17
6035,Durban
6036,28
6037,45%
6038,15%
6039,17
6040,Siena
6041,34
6042,-9%
6043,-1%
6044,21
6045,Siena
6046,34
6047,-9%
6048,-1%
6049,21
6050,Boulogne-sur-Mer
6051,32
6052,1%
6053,-25%
6054,18
6055,Boulogne-sur-Mer
6056,32
6057,1%
6058,-25%
6059,18
6060,Chester
6061,35
6062,-24%
6063,-43%
6064,17
6065,Chester
6066,35
6067,-24%
6068,-43%
6069,17
6070,Framingham
6071,MA
6072,32
6073,25%
6074,-5%
6075,20
6076,Framingham
6077,MA
6078,32
6079,25%
6080,-5%
6081,20
6082,Culiacan
6083,26
6084,89%
6085,-31%
6086,18
6087,Culiacan
6088,26
6089,89%
6090,-31%
6091,18
6092,Salon-de-Provence
6093,34
6094,-9%
6095,46%
6096,16
6097,Salon-de-Provence
6098,34
6099,-9%
6100,46%
6101,16
6102,Drammen
6103,32
6104,1%
6105,35%
6106,18
6107,Drammen
6108,32
6109,1%
6110,35%
6111,18
6112,Swansea
6113,29
6114,3%
6115,-33%
6116,19
6117,Swansea
6118,29
6119,3%
6120,-33%
6121,19
6122,Kiel
6123,29
6124,31%
6125,37%
6126,18
6127,Kiel
6128,29
6129,31%
6130,37%
6131,18
6132,Tours
6133,29
6134,7%
6135,37%
6136,18
6137,Tours
6138,29
6139,7%
6140,37%
6141,18
6142,Bern
6143,29
6144,7%
6145,-20%
6146,17
6147,Bern
6148,29
6149,7%
6150,-20%
6151,17
6152,Zaragoza
6153,26
6154,-9%
6155,-41%
6156,13
6157,Zaragoza
6158,26
6159,-9%
6160,-41%
6161,13
6162,Eugene
6163,OR
6164,28
6165,15%
6166,360%
6167,19
6168,Eugene
6169,OR
6170,28
6171,15%
6172,360%
6173,19
6174,Verdun
6175,36
6176,33%
6177,100%
6178,17
6179,Verdun
6180,36
6181,33%
6182,100%
6183,17
6184,Broadstairs
6185,35
6186,20%
6187,9%
6188,0
6189,Broadstairs
6190,35
6191,20%
6192,9%
6193,0
6194,Peterborough
6195,29
6196,37%
6197,20%
6198,19
6199,Peterborough
6200,29
6201,37%
6202,20%
6203,19
6204,Hilo
6205,HI
6206,29
6207,380%
6208,7%
6209,20
6210,Hilo
6211,HI
6212,29
6213,380%
6214,7%
6215,20
6216,Zwickau
6217,28
6218,-51%
6219,-31%
6220,17
6221,Zwickau
6222,28
6223,-51%
6224,-31%
6225,17
6226,Évreux
6227,32
6228,-21%
6229,224%
6230,18
6231,Évreux
6232,32
6233,-21%
6234,224%
6235,18
6236,Karlsruhe
6237,28
6238,15%
6239,0%
6240,17
6241,Karlsruhe
6242,28
6243,15%
6244,0%
6245,17
6246,Braga
6247,29
6248,-7%
6249,37%
6250,19
6251,Braga
6252,29
6253,-7%
6254,37%
6255,19
6256,Indianapolis
6257,IN
6258,24
6259,71%
6260,-14%
6261,17
6262,Indianapolis
6263,IN
6264,24
6265,71%
6266,-14%
6267,17
6268,Detroit
6269,MI
6270,23
6271,75%
6272,-44%
6273,25
6274,Detroit
6275,MI
6276,23
6277,75%
6278,-44%
6279,25
6280,Çorum
6281,26
6282,-40%
6283,26%
6284,0
6285,Çorum
6286,26
6287,-40%
6288,26%
6289,0
6290,Mulhouse
6291,30
6292,-12%
6293,0%
6294,19
6295,Mulhouse
6296,30
6297,-12%
6298,0%
6299,19
6300,Oceanside
6301,CA
6302,29
6303,25%
6304,44%
6305,26
6306,Oceanside
6307,CA
6308,29
6309,25%
6310,44%
6311,26
6312,Chalon-sur-Saône
6313,30
6314,0%
6315,114%
6316,20
6317,Chalon-sur-Saône
6318,30
6319,0%
6320,114%
6321,20
6322,Manama
6323,29
6324,69%
6325,0%
6326,19
6327,Manama
6328,29
6329,69%
6330,0%
6331,19
6332,Cagliari
6333,29
6334,-20%
6335,0%
6336,15
6337,Cagliari
6338,29
6339,-20%
6340,0%
6341,15
6342,Murcia
6343,26
6344,-15%
6345,-15%
6346,17
6347,Murcia
6348,26
6349,-15%
6350,-15%
6351,17
6352,Kilkenny
6353,34
6354,-4%
6355,-9%
6356,21
6357,Kilkenny
6358,34
6359,-4%
6360,-9%
6361,21
6362,Quimper
6363,30
6364,3%
6365,20%
6366,18
6367,Quimper
6368,30
6369,3%
6370,20%
6371,18
6372,Jacksonville
6373,FL
6374,24
6375,33%
6376,-29%
6377,20
6378,Jacksonville
6379,FL
6380,24
6381,33%
6382,-29%
6383,20
6384,Marburg
6385,30
6386,100%
6387,88%
6388,19
6389,Marburg
6390,30
6391,100%
6392,88%
6393,19
6394,Lawrence
6395,MA
6396,30
6397,50%
6398,0%
6399,15
6400,Lawrence
6401,MA
6402,30
6403,50%
6404,0%
6405,15
6406,Torrelavega
6407,31
6408,-5%
6409,346%
6410,15
6411,Torrelavega
6412,31
6413,-5%
6414,346%
6415,15
6416,Wuppertal
6417,26
6418,-12%
6419,-2%
6420,16
6421,Wuppertal
6422,26
6423,-12%
6424,-2%
6425,16
6426,Étrembières
6427,43
6428,-47%
6429,-18%
6430,14
6431,Étrembières
6432,43
6433,-47%
6434,-18%
6435,14
6436,Dreux
6437,32
6438,20%
6439,224%
6440,18
6441,Dreux
6442,32
6443,20%
6444,224%
6445,18
6446,Birmingham
6447,AL
6448,24
6449,33%
6450,-20%
6451,16
6452,Birmingham
6453,AL
6454,24
6455,33%
6456,-20%
6457,16
6458,Bloemfontein
6459,25
6460,5%
6461,58%
6462,21
6463,Bloemfontein
6464,25
6465,5%
6466,58%
6467,21
6468,Elazig
6469,26
6470,-2%
6471,-18%
6472,14
6473,Elazig
6474,26
6475,-2%
6476,-18%
6477,14
6478,Kettering
6479,29
6480,7%
6481,-15%
6482,17
6483,Kettering
6484,29
6485,7%
6486,-15%
6487,17
6488,Olomouc
6489,29
6490,-7%
6491,20%
6492,20
6493,Olomouc
6494,29
6495,-7%
6496,20%
6497,20
6498,Arezzo
6499,29
6500,-42%
6501,-31%
6502,20
6503,Arezzo
6504,29
6505,-42%
6506,-31%
6507,20
6508,Grimsby
6509,32
6510,-23%
6511,16%
6512,14
6513,Grimsby
6514,32
6515,-23%
6516,16%
6517,14
6518,Santa
6519,Cruz
6520,CA
6521,26
6522,26%
6523,164%
6524,20
6525,Santa
6526,Cruz
6527,CA
6528,26
6529,26%
6530,164%
6531,20
6532,Bergen
6533,26
6534,-2%
6535,55%
6536,18
6537,Bergen
6538,26
6539,-2%
6540,55%
6541,18
6542,Southport
6543,29
6544,-33%
6545,44%
6546,16
6547,Southport
6548,29
6549,-33%
6550,44%
6551,16
6552,Paderborn
6553,28
6554,20%
6555,38%
6556,18
6557,Paderborn
6558,28
6559,20%
6560,38%
6561,18
6562,Offenburg
6563,30
6564,30%
6565,-12%
6566,18
6567,Offenburg
6568,30
6569,30%
6570,-12%
6571,18
6572,Bridgend
6573,28
6574,6%
6575,-8%
6576,20
6577,Bridgend
6578,28
6579,6%
6580,-8%
6581,20
6582,Bridgeport
6583,CT
6584,28
6585,15%
6586,0%
6587,20
6588,Bridgeport
6589,CT
6590,28
6591,15%
6592,0%
6593,20
6594,McAllen
6595,TX
6596,24
6597,71%
6598,167%
6599,24
6600,McAllen
6601,TX
6602,24
6603,71%
6604,167%
6605,24
6606,Abbeville
6607,32
6608,12%
6609,195%
6610,17
6611,Abbeville
6612,32
6613,12%
6614,195%
6615,17
6616,Esch-sur-Alzette
6617,31
6618,-22%
6619,64%
6620,18
6621,Esch-sur-Alzette
6622,31
6623,-22%
6624,64%
6625,18
6626,Elche
6627,26
6628,-9%
6629,15%
6630,18
6631,Elche
6632,26
6633,-9%
6634,15%
6635,18
6636,Fort
6637,Myers
6638,FL
6639,29
6640,31%
6641,15%
6642,28
6643,Fort
6644,Myers
6645,FL
6646,29
6647,31%
6648,15%
6649,28
6650,Palmerston
6651,North
6652,29
6653,-7%
6654,69%
6655,17
6656,Palmerston
6657,North
6658,29
6659,-7%
6660,69%
6661,17
6662,Frankfurt
6663,24
6664,-33%
6665,-33%
6666,17
6667,Frankfurt
6668,24
6669,-33%
6670,-33%
6671,17
6672,Savannah
6673,GA
6674,25
6675,48%
6676,110%
6677,22
6678,Savannah
6679,GA
6680,25
6681,48%
6682,110%
6683,22
6684,Kortrijk
6685,29
6686,11%
6687,-37%
6688,14
6689,Kortrijk
6690,29
6691,11%
6692,-37%
6693,14
6694,Riyadh
6695,20
6696,46%
6697,46%
6698,22
6699,Riyadh
6700,20
6701,46%
6702,46%
6703,22
6704,Inverness
6705,30
6706,0%
6707,-23%
6708,16
6709,Inverness
6710,30
6711,0%
6712,-23%
6713,16
6714,Cremona
6715,29
6716,20%
6717,-39%
6718,21
6719,Cremona
6720,29
6721,20%
6722,-39%
6723,21
6724,Blackburn
6725,28
6726,-34%
6727,-25%
6728,17
6729,Blackburn
6730,28
6731,-34%
6732,-25%
6733,17
6734,Lat
6735,Krabang
6736,31
6737,42%
6738,42%
6739,17
6740,Lat
6741,Krabang
6742,31
6743,42%
6744,42%
6745,17
6746,Ballymena
6747,31
6748,-8%
6749,1%
6750,20
6751,Ballymena
6752,31
6753,-8%
6754,1%
6755,20
6756,Richmond
6757,VA
6758,23
6759,128%
6760,-21%
6761,22
6762,Richmond
6763,VA
6764,23
6765,128%
6766,-21%
6767,22
6768,Turku
6769,26
6770,-6%
6771,-31%
6772,15
6773,Turku
6774,26
6775,-6%
6776,-31%
6777,15
6778,Saint-Brieuc
6779,29
6780,25%
6781,106%
6782,19
6783,Saint-Brieuc
6784,29
6785,25%
6786,106%
6787,19
6788,Roquebrune-Cap-Martin
6789,34
6790,-20%
6791,-30%
6792,0
6793,Roquebrune-Cap-Martin
6794,34
6795,-20%
6796,-30%
6797,0
6798,Augsburg
6799,25
6800,-7%
6801,-3%
6802,19
6803,Augsburg
6804,25
6805,-7%
6806,-3%
6807,19
6808,Horsens
6809,29
6810,-7%
6811,-4%
6812,17
6813,Horsens
6814,29
6815,-7%
6816,-4%
6817,17
6818,Montauban
6819,29
6820,-24%
6821,-26%
6822,18
6823,Reutlingen
6824,25
6825,-3%
6826,-13%
6827,18
6828,Valence
6829,28
6830,-8%
6831,130%
6832,20
6833,Ravenna
6834,26
6835,-2%
6836,193%
6837,22
6838,Hradec
6839,Králové
6840,28
6841,-48%
6842,-25%
6843,19
6844,Tucson
6845,AZ
6846,23
6847,20%
6848,-1%
6849,26
6850,Salzburg
6851,26
6852,2%
6853,-37%
6854,17
6855,Worcester
6856,MA
6857,23
6858,63%
6859,20%
6860,21
6861,Villingen-Schwenningen
6862,28
6863,25%
6864,31%
6865,22
6866,Münster
6867,31
6868,-24%
6869,-8%
6870,16
6871,Greenville
6872,SC
6873,23
6874,34%
6875,43%
6876,25
6877,Allentown
6878,PA
6879,23
6880,20%
6881,4%
6882,22
6883,Carcassonne
6884,29
6885,31%
6886,37%
6887,23
6888,Leiden
6889,26
6890,10%
6891,-44%
6892,0
6893,Lodi
6894,29
6895,-20%
6896,-22%
6897,17
6898,Nyáregyháza
6899,26
6900,-6%
6901,-25%
6902,18
6903,Clearwater/St.
6904,Petersburg
6905,FL
6906,26
6907,164%
6908,103%
6909,0
6910,Vejle
6911,26
6912,2%
6913,20%
6914,17
6915,Townsville
6916,25
6917,20%
6918,26%
6919,19
6920,Clermont-Ferrand
6921,25
6922,1%
6923,-7%
6924,17
6925,Aalen
6926,28
6927,25%
6928,31%
6929,17
6930,Unna
6931,28
6932,97%
6933,53%
6934,19
6935,Puebla
6936,22
6937,35%
6938,-53%
6939,15
6940,Bourges
6941,28
6942,2%
6943,62%
6944,16
6945,Caltanissetta
6946,28
6947,-37%
6948,-46%
6949,19
6950,Utrecht
6951,23
6952,20%
6953,-58%
6954,18
6955,Ourense
6956,26
6957,15%
6958,47%
6959,17
6960,Chalons-sur-Marne
6961,29
6962,7%
6963,-1540%
6964,17
6965,Angers
6966,25
6967,-7%
6968,40%
6969,15
6970,Andria
6971,26
6972,2%
6973,47%
6974,21
6975,Bedford
6976,25
6977,10%
6978,-30%
6979,20
6980,San
6981,Rafael
6982,CA
6983,28
6984,25%
6985,-19%
6986,17
6987,Coleraine
6988,30
6989,20%
6990,-9%
6991,21
6992,Evora
6993,28
6994,2%
6995,20%
6996,20
6997,Escondido
6998,CA
6999,25
7000,48%
7001,-19%
7002,23
7003,Cambrai
7004,29
7005,-28%
7006,-20%
7007,19
7008,Trowbridge
7009,29
7010,-26%
7011,-50%
7012,18
7013,Alba
7014,29
7015,-18%
7016,11%
7017,18
7018,Honolulu
7019,HI
7020,22
7021,80%
7022,3%
7023,17
7024,Ferrara
7025,25
7026,20%
7027,-50%
7028,15
7029,Challans
7030,30
7031,25%
7032,11%
7033,20
7034,Cleveland
7035,OH
7036,20
7037,36%
7038,-53%
7039,19
7040,Creil
7041,26
7042,-2%
7043,89%
7044,22
7045,Denpasar
7046,22
7047,-30%
7048,-63%
7049,14
7050,Göttingen
7051,25
7052,110%
7053,26%
7054,16
7055,Saint-Nazaire
7056,26
7057,-6%
7058,39%
7059,18
7060,Arras
7061,26
7062,-29%
7063,89%
7064,20
7065,Tallahassee
7066,FL
7067,23
7068,20%
7069,-12%
7070,22
7071,Alençon
7072,28
7073,-14%
7074,2660%
7075,16
7076,Alès
7077,28
7078,-27%
7079,15%
7080,18
7081,Romans-sur-Isère
7082,28
7083,-52%
7084,-48%
7085,18
7086,Thionville
7087,28
7088,-8%
7089,62%
7090,17
7091,Naples
7092,FL
7093,23
7094,20%
7095,63%
7096,26
7097,Modena
7098,24
7099,-27%
7100,-44%
7101,18
7102,Montélimar
7103,28
7104,6%
7105,-1%
7106,18
7107,Klagenfurt
7108,25
7109,-24%
7110,-24%
7111,18
7112,Boulder
7113,CO
7114,23
7115,27%
7116,-35%
7117,21
7118,Lecce
7119,25
7120,1%
7121,0%
7122,13
7123,Casale
7124,Monferrato
7125,28
7126,-8%
7127,6%
7128,20
7129,Calgary
7130,AB
7131,20
7132,46%
7133,-24%
7134,21
7135,Saint-Quentin
7136,26
7137,15%
7138,55%
7139,16
7140,Dunkirk
7141,25
7142,-19%
7143,129%
7144,17
7145,Mestre
7146,25
7147,5%
7148,0%
7149,20
7150,Guimarães
7151,24
7152,-31%
7153,-11%
7154,22
7155,Craigavon
7156,34
7157,12%
7158,68%
7159,21
7160,Bergkamen
7161,26
7162,2%
7163,47%
7164,18
7165,Göteborg
7166,22
7167,20%
7168,-6%
7169,20
7170,Dundee
7171,24
7172,9%
7173,-17%
7174,19
7175,Lancaster
7176,PA
7177,22
7178,-2%
7179,27%
7180,22
7181,Pécs
7182,24
7183,-27%
7184,-4%
7185,18
7186,Middlesbrough
7187,24
7188,50%
7189,20%
7190,21
7191,Lexington
7192,KY
7193,22
7194,27%
7195,14%
7196,24
7197,Bayreuth
7198,25
7199,94%
7200,48%
7201,19
7202,Würzburg
7203,24
7204,-23%
7205,-20%
7206,19
7207,León
7208,24
7209,-38%
7210,71%
7211,15
7212,Albuquerque
7213,NM
7214,20
7215,155%
7216,13%
7217,21
7218,Cascais
7219,23
7220,52%
7221,-19%
7222,0
7223,Charleroi
7224,23
7225,20%
7226,14%
7227,18
7228,Eskisehir
7229,20
7230,20%
7231,13%
7232,16
7233,Basildon
7234,24
7235,60%
7236,26%
7237,23
7238,Villach
7239,25
7240,-10%
7241,48%
7242,19
7243,Linz
7244,23
7245,4%
7246,-5%
7247,18
7248,Épernay
7249,28
7250,-34%
7251,-1%
7252,17
7253,Vesoul
7254,29
7255,-1%
7256,122%
7257,21
7258,Bend
7259,OR
7260,23
7261,27%
7262,128%
7263,19
7264,Vacaville
7265,CA
7266,24
7267,26%
7268,4%
7269,24
7270,Vitrolles
7271,26
7272,-9%
7273,0%
7274,27
7275,Gainesville
7276,FL
7277,22
7278,8%
7279,-28%
7280,25
7281,Pistoia
7282,24
7283,-50%
7284,-37%
7285,18
7286,Mantes-la-Ville
7287,28
7288,2%
7289,-19%
7290,20
7291,Badajoz
7292,23
7293,-44%
7294,-1%
7295,17
7296,Worms
7297,24
7298,0%
7299,50%
7300,20
7301,Wiesbaden
7302,22
7303,-35%
7304,-33%
7305,19
7306,Hildesheim
7307,22
7308,-14%
7309,20%
7310,17
7311,Gijón
7312,22
7313,3%
7314,440%
7315,16
7316,Roanne
7317,25
7318,-3%
7319,58%
7320,19
7321,Spokane
7322,WA
7323,20
7324,2%
7325,13%
7326,22
7327,Biella
7328,25
7329,-32%
7330,-24%
7331,17
7332,Gyor
7333,23
7334,9%
7335,14%
7336,18
7337,Innsbruck
7338,23
7339,-1%
7340,-12%
7341,17
7342,Montauban
7343,29
7344,-24%
7345,-26%
7346,18
7347,Montauban
7348,29
7349,-24%
7350,-26%
7351,18
7352,Reutlingen
7353,25
7354,-3%
7355,-13%
7356,18
7357,Reutlingen
7358,25
7359,-3%
7360,-13%
7361,18
7362,Valence
7363,28
7364,-8%
7365,130%
7366,20
7367,Valence
7368,28
7369,-8%
7370,130%
7371,20
7372,Ravenna
7373,26
7374,-2%
7375,193%
7376,22
7377,Ravenna
7378,26
7379,-2%
7380,193%
7381,22
7382,Hradec
7383,Králové
7384,28
7385,-48%
7386,-25%
7387,19
7388,Hradec
7389,Králové
7390,28
7391,-48%
7392,-25%
7393,19
7394,Tucson
7395,AZ
7396,23
7397,20%
7398,-1%
7399,26
7400,Tucson
7401,AZ
7402,23
7403,20%
7404,-1%
7405,26
7406,Salzburg
7407,26
7408,2%
7409,-37%
7410,17
7411,Salzburg
7412,26
7413,2%
7414,-37%
7415,17
7416,Worcester
7417,MA
7418,23
7419,63%
7420,20%
7421,21
7422,Worcester
7423,MA
7424,23
7425,63%
7426,20%
7427,21
7428,Villingen-Schwenningen
7429,28
7430,25%
7431,31%
7432,22
7433,Villingen-Schwenningen
7434,28
7435,25%
7436,31%
7437,22
7438,Münster
7439,31
7440,-24%
7441,-8%
7442,16
7443,Münster
7444,31
7445,-24%
7446,-8%
7447,16
7448,Greenville
7449,SC
7450,23
7451,34%
7452,43%
7453,25
7454,Greenville
7455,SC
7456,23
7457,34%
7458,43%
7459,25
7460,Allentown
7461,PA
7462,23
7463,20%
7464,4%
7465,22
7466,Allentown
7467,PA
7468,23
7469,20%
7470,4%
7471,22
7472,Carcassonne
7473,29
7474,31%
7475,37%
7476,23
7477,Carcassonne
7478,29
7479,31%
7480,37%
7481,23
7482,Leiden
7483,26
7484,10%
7485,-44%
7486,0
7487,Leiden
7488,26
7489,10%
7490,-44%
7491,0
7492,Lodi
7493,29
7494,-20%
7495,-22%
7496,17
7497,Lodi
7498,29
7499,-20%
7500,-22%
7501,17
7502,Nyáregyháza
7503,26
7504,-6%
7505,-25%
7506,18
7507,Nyáregyháza
7508,26
7509,-6%
7510,-25%
7511,18
7512,Clearwater/St.
7513,Petersburg
7514,FL
7515,26
7516,164%
7517,103%
7518,0
7519,Clearwater/St.
7520,Petersburg
7521,FL
7522,26
7523,164%
7524,103%
7525,0
7526,Vejle
7527,26
7528,2%
7529,20%
7530,17
7531,Vejle
7532,26
7533,2%
7534,20%
7535,17
7536,Townsville
7537,25
7538,20%
7539,26%
7540,19
7541,Townsville
7542,25
7543,20%
7544,26%
7545,19
7546,Clermont-Ferrand
7547,25
7548,1%
7549,-7%
7550,17
7551,Clermont-Ferrand
7552,25
7553,1%
7554,-7%
7555,17
7556,Aalen
7557,28
7558,25%
7559,31%
7560,17
7561,Aalen
7562,28
7563,25%
7564,31%
7565,17
7566,Unna
7567,28
7568,97%
7569,53%
7570,19
7571,Unna
7572,28
7573,97%
7574,53%
7575,19
7576,Puebla
7577,22
7578,35%
7579,-53%
7580,15
7581,Puebla
7582,22
7583,35%
7584,-53%
7585,15
7586,Bourges
7587,28
7588,2%
7589,62%
7590,16
7591,Bourges
7592,28
7593,2%
7594,62%
7595,16
7596,Caltanissetta
7597,28
7598,-37%
7599,-46%
7600,19
7601,Caltanissetta
7602,28
7603,-37%
7604,-46%
7605,19
7606,Utrecht
7607,23
7608,20%
7609,-58%
7610,18
7611,Utrecht
7612,23
7613,20%
7614,-58%
7615,18
7616,Ourense
7617,26
7618,15%
7619,47%
7620,17
7621,Ourense
7622,26
7623,15%
7624,47%
7625,17
7626,Chalons-sur-Marne
7627,29
7628,7%
7629,-1540%
7630,17
7631,Chalons-sur-Marne
7632,29
7633,7%
7634,-1540%
7635,17
7636,Angers
7637,25
7638,-7%
7639,40%
7640,15
7641,Angers
7642,25
7643,-7%
7644,40%
7645,15
7646,Andria
7647,26
7648,2%
7649,47%
7650,21
7651,Andria
7652,26
7653,2%
7654,47%
7655,21
7656,Bedford
7657,25
7658,10%
7659,-30%
7660,20
7661,Bedford
7662,25
7663,10%
7664,-30%
7665,20
7666,San
7667,Rafael
7668,CA
7669,28
7670,25%
7671,-19%
7672,17
7673,San
7674,Rafael
7675,CA
7676,28
7677,25%
7678,-19%
7679,17
7680,Coleraine
7681,30
7682,20%
7683,-9%
7684,21
7685,Coleraine
7686,30
7687,20%
7688,-9%
7689,21
7690,Evora
7691,28
7692,2%
7693,20%
7694,20
7695,Evora
7696,28
7697,2%
7698,20%
7699,20
7700,Escondido
7701,CA
7702,25
7703,48%
7704,-19%
7705,23
7706,Escondido
7707,CA
7708,25
7709,48%
7710,-19%
7711,23
7712,Cambrai
7713,29
7714,-28%
7715,-20%
7716,19
7717,Cambrai
7718,29
7719,-28%
7720,-20%
7721,19
7722,Trowbridge
7723,29
7724,-26%
7725,-50%
7726,18
7727,Trowbridge
7728,29
7729,-26%
7730,-50%
7731,18
7732,Alba
7733,29
7734,-18%
7735,11%
7736,18
7737,Alba
7738,29
7739,-18%
7740,11%
7741,18
7742,Honolulu
7743,HI
7744,22
7745,80%
7746,3%
7747,17
7748,Honolulu
7749,HI
7750,22
7751,80%
7752,3%
7753,17
7754,Ferrara
7755,25
7756,20%
7757,-50%
7758,15
7759,Ferrara
7760,25
7761,20%
7762,-50%
7763,15
7764,Challans
7765,30
7766,25%
7767,11%
7768,20
7769,Challans
7770,30
7771,25%
7772,11%
7773,20
7774,Cleveland
7775,OH
7776,20
7777,36%
7778,-53%
7779,19
7780,Cleveland
7781,OH
7782,20
7783,36%
7784,-53%
7785,19
7786,Creil
7787,26
7788,-2%
7789,89%
7790,22
7791,Creil
7792,26
7793,-2%
7794,89%
7795,22
7796,Denpasar
7797,22
7798,-30%
7799,-63%
7800,14
7801,Denpasar
7802,22
7803,-30%
7804,-63%
7805,14
7806,Göttingen
7807,25
7808,110%
7809,26%
7810,16
7811,Göttingen
7812,25
7813,110%
7814,26%
7815,16
7816,Saint-Nazaire
7817,26
7818,-6%
7819,39%
7820,18
7821,Saint-Nazaire
7822,26
7823,-6%
7824,39%
7825,18
7826,Arras
7827,26
7828,-29%
7829,89%
7830,20
7831,Arras
7832,26
7833,-29%
7834,89%
7835,20
7836,Tallahassee
7837,FL
7838,23
7839,20%
7840,-12%
7841,22
7842,Tallahassee
7843,FL
7844,23
7845,20%
7846,-12%
7847,22
7848,Alençon
7849,28
7850,-14%
7851,2660%
7852,16
7853,Alençon
7854,28
7855,-14%
7856,2660%
7857,16
7858,Alès
7859,28
7860,-27%
7861,15%
7862,18
7863,Alès
7864,28
7865,-27%
7866,15%
7867,18
7868,Romans-sur-Isère
7869,28
7870,-52%
7871,-48%
7872,18
7873,Romans-sur-Isère
7874,28
7875,-52%
7876,-48%
7877,18
7878,Thionville
7879,28
7880,-8%
7881,62%
7882,17
7883,Thionville
7884,28
7885,-8%
7886,62%
7887,17
7888,Naples
7889,FL
7890,23
7891,20%
7892,63%
7893,26
7894,Naples
7895,FL
7896,23
7897,20%
7898,63%
7899,26
7900,Modena
7901,24
7902,-27%
7903,-44%
7904,18
7905,Modena
7906,24
7907,-27%
7908,-44%
7909,18
7910,Montélimar
7911,28
7912,6%
7913,-1%
7914,18
7915,Montélimar
7916,28
7917,6%
7918,-1%
7919,18
7920,Klagenfurt
7921,25
7922,-24%
7923,-24%
7924,18
7925,Klagenfurt
7926,25
7927,-24%
7928,-24%
7929,18
7930,Boulder
7931,CO
7932,23
7933,27%
7934,-35%
7935,21
7936,Boulder
7937,CO
7938,23
7939,27%
7940,-35%
7941,21
7942,Lecce
7943,25
7944,1%
7945,0%
7946,13
7947,Lecce
7948,25
7949,1%
7950,0%
7951,13
7952,Casale
7953,Monferrato
7954,28
7955,-8%
7956,6%
7957,20
7958,Casale
7959,Monferrato
7960,28
7961,-8%
7962,6%
7963,20
7964,Calgary
7965,AB
7966,20
7967,46%
7968,-24%
7969,21
7970,Calgary
7971,AB
7972,20
7973,46%
7974,-24%
7975,21
7976,Saint-Quentin
7977,26
7978,15%
7979,55%
7980,16
7981,Saint-Quentin
7982,26
7983,15%
7984,55%
7985,16
7986,Dunkirk
7987,25
7988,-19%
7989,129%
7990,17
7991,Dunkirk
7992,25
7993,-19%
7994,129%
7995,17
7996,Mestre
7997,25
7998,5%
7999,0%
8000,20
8001,Mestre
8002,25
8003,5%
8004,0%
8005,20
8006,Guimarães
8007,24
8008,-31%
8009,-11%
8010,22
8011,Guimarães
8012,24
8013,-31%
8014,-11%
8015,22
8016,Craigavon
8017,34
8018,12%
8019,68%
8020,21
8021,Craigavon
8022,34
8023,12%
8024,68%
8025,21
8026,Bergkamen
8027,26
8028,2%
8029,47%
8030,18
8031,Bergkamen
8032,26
8033,2%
8034,47%
8035,18
8036,Göteborg
8037,22
8038,20%
8039,-6%
8040,20
8041,Göteborg
8042,22
8043,20%
8044,-6%
8045,20
8046,Dundee
8047,24
8048,9%
8049,-17%
8050,19
8051,Dundee
8052,24
8053,9%
8054,-17%
8055,19
8056,Lancaster
8057,PA
8058,22
8059,-2%
8060,27%
8061,22
8062,Lancaster
8063,PA
8064,22
8065,-2%
8066,27%
8067,22
8068,Pécs
8069,24
8070,-27%
8071,-4%
8072,18
8073,Pécs
8074,24
8075,-27%
8076,-4%
8077,18
8078,Middlesbrough
8079,24
8080,50%
8081,20%
8082,21
8083,Middlesbrough
8084,24
8085,50%
8086,20%
8087,21
8088,Lexington
8089,KY
8090,22
8091,27%
8092,14%
8093,24
8094,Lexington
8095,KY
8096,22
8097,27%
8098,14%
8099,24
8100,Bayreuth
8101,25
8102,94%
8103,48%
8104,19
8105,Bayreuth
8106,25
8107,94%
8108,48%
8109,19
8110,Würzburg
8111,24
8112,-23%
8113,-20%
8114,19
8115,Würzburg
8116,24
8117,-23%
8118,-20%
8119,19
8120,León
8121,24
8122,-38%
8123,71%
8124,15
8125,León
8126,24
8127,-38%
8128,71%
8129,15
8130,Albuquerque
8131,NM
8132,20
8133,155%
8134,13%
8135,21
8136,Albuquerque
8137,NM
8138,20
8139,155%
8140,13%
8141,21
8142,Cascais
8143,23
8144,52%
8145,-19%
8146,0
8147,Cascais
8148,23
8149,52%
8150,-19%
8151,0
8152,Charleroi
8153,23
8154,20%
8155,14%
8156,18
8157,Charleroi
8158,23
8159,20%
8160,14%
8161,18
8162,Eskisehir
8163,20
8164,20%
8165,13%
8166,16
8167,Eskisehir
8168,20
8169,20%
8170,13%
8171,16
8172,Basildon
8173,24
8174,60%
8175,26%
8176,23
8177,Basildon
8178,24
8179,60%
8180,26%
8181,23
8182,Villach
8183,25
8184,-10%
8185,48%
8186,19
8187,Villach
8188,25
8189,-10%
8190,48%
8191,19
8192,Linz
8193,23
8194,4%
8195,-5%
8196,18
8197,Linz
8198,23
8199,4%
8200,-5%
8201,18
8202,Épernay
8203,28
8204,-34%
8205,-1%
8206,17
8207,Épernay
8208,28
8209,-34%
8210,-1%
8211,17
8212,Vesoul
8213,29
8214,-1%
8215,122%
8216,21
8217,Vesoul
8218,29
8219,-1%
8220,122%
8221,21
8222,Bend
8223,OR
8224,23
8225,27%
8226,128%
8227,19
8228,Bend
8229,OR
8230,23
8231,27%
8232,128%
8233,19
8234,Vacaville
8235,CA
8236,24
8237,26%
8238,4%
8239,24
8240,Vacaville
8241,CA
8242,24
8243,26%
8244,4%
8245,24
8246,Vitrolles
8247,26
8248,-9%
8249,0%
8250,27
8251,Vitrolles
8252,26
8253,-9%
8254,0%
8255,27
8256,Gainesville
8257,FL
8258,22
8259,8%
8260,-28%
8261,25
8262,Gainesville
8263,FL
8264,22
8265,8%
8266,-28%
8267,25
8268,Pistoia
8269,24
8270,-50%
8271,-37%
8272,18
8273,Pistoia
8274,24
8275,-50%
8276,-37%
8277,18
8278,Mantes-la-Ville
8279,28
8280,2%
8281,-19%
8282,20
8283,Mantes-la-Ville
8284,28
8285,2%
8286,-19%
8287,20
8288,Badajoz
8289,23
8290,-44%
8291,-1%
8292,17
8293,Badajoz
8294,23
8295,-44%
8296,-1%
8297,17
8298,Worms
8299,24
8300,0%
8301,50%
8302,20
8303,Worms
8304,24
8305,0%
8306,50%
8307,20
8308,Wiesbaden
8309,22
8310,-35%
8311,-33%
8312,19
8313,Wiesbaden
8314,22
8315,-35%
8316,-33%
8317,19
8318,Hildesheim
8319,22
8320,-14%
8321,20%
8322,17
8323,Hildesheim
8324,22
8325,-14%
8326,20%
8327,17
8328,Gijón
8329,22
8330,3%
8331,440%
8332,16
8333,Gijón
8334,22
8335,3%
8336,440%
8337,16
8338,Roanne
8339,25
8340,-3%
8341,58%
8342,19
8343,Roanne
8344,25
8345,-3%
8346,58%
8347,19
8348,Spokane
8349,WA
8350,20
8351,2%
8352,13%
8353,22
8354,Spokane
8355,WA
8356,20
8357,2%
8358,13%
8359,22
8360,Biella
8361,25
8362,-32%
8363,-24%
8364,17
8365,Biella
8366,25
8367,-32%
8368,-24%
8369,17
8370,Gyor
8371,23
8372,9%
8373,14%
8374,18
8375,Gyor
8376,23
8377,9%
8378,14%
8379,18
8380,Innsbruck
8381,23
8382,-1%
8383,-12%
8384,17
8385,Innsbruck
8386,23
8387,-1%
8388,-12%
8389,17
